,zipcode,category,name,rating,review
0,15101,American,Barrel Junction,3.5,37
1,15101,American,Blue North,3.5,27
2,15101,American,Primanti Bros,3.0,40
3,15101,American,Rocky's,3.5,3
4,15101,American,Rocky's Route 8,3.0,5
5,15101,American,Burger King,3.5,6
6,15101,Asian,K Asian Bistro,4.5,78
7,15101,Asian,Golden Land Asian Cuisine,4.5,9
8,15101,Asian,Kanlaya Thai Kitchen,4.5,56
9,15101,Asian,Asian Cafe,4.0,28
10,15101,Bar,The Pour House,2.5,9
11,15101,Bar,Caliente Pizza & Drafthouse,4.0,5
12,15101,Bar,Thirsty's Bar & Grill,2.5,15
13,15101,Bar,Blue North,3.5,27
14,15101,Bar,Primanti Bros,3.0,40
15,15101,Grocery,ALDI,4.0,2
16,15003,American,Bridgetown Taphouse,4.5,67
17,15003,American,Tick Tock Bar & Cafe,3.5,10
18,15003,American,Breakfast Shoppe,4.5,4
19,15003,American,Orbit Inn,3.0,4
20,15003,American,Maple Restaurant,4.0,48
21,15003,American,K & N Restaurant,4.5,14
22,15003,American,Hollywood Cafe,2.5,3
23,15003,American,Ambridge Borough of,5.0,1
24,15003,Bar,Bridgetown Taphouse,4.5,67
25,15003,Bar,Tick Tock Bar & Cafe,3.5,10
26,15003,Bar,Firehouse Lounge,4.0,5
27,15003,Bar,Fred's Divot,2.5,3
28,15003,Bar,Talerico's Bar & Grill,3.5,13
29,15003,Bar,Serenity,5.0,1
30,15003,Bar,Hark's Place,4.0,6
31,15003,Bar,Orbit Inn,3.0,4
32,15003,Bar,Hollywood Cafe,2.5,3
33,15003,Grocery,Shop 'N Save,4.0,1
34,15005,American,Ba'Runi Grille,3.5,17
35,15005,American,Burger King,3.0,5
36,15005,Bar,Ba'Runi Grille,3.5,17
37,15005,Grocery,Giant Eagle,3.0,1
38,15005,Grocery,Walmart Supercenter,3.5,7
39,15005,Grocery,Sheetz #223,4.0,6
40,15102,American,"Au ""Grottens"" Cafe & Catering",4.5,21
41,15102,American,Lemonhead's Brightwood Grille,3.5,12
42,15102,American,Patsy's Place,4.5,25
43,15102,American,Ma & Pops Country Kitchen,4.0,55
44,15102,American,Vilka Bistro,4.0,51
45,15102,American,Duke's Station 88,1.0,2
46,15102,American,Bruegger's Bagels,4.0,9
47,15102,American,Burger King,3.0,3
48,15102,American,Eat'n Park,2.5,26
49,15102,American,TGI Fridays,3.0,53
50,15102,American,Wendy's,1.5,17
51,15102,American,Level 20,3.0,35
52,15102,Asian,Rice Inn,4.0,96
53,15102,Latin,Casa Nayarit Mexican Grill,4.0,94
54,15102,Bar,Level 20,3.0,35
55,15102,Bar,Vilka Bistro,4.0,51
56,15102,Bar,Al's Cafe,3.0,45
57,15102,Bar,Trolley Stop Inn,2.5,31
58,15102,Grocery,Giant Eagle Market District,3.0,54
59,15102,Grocery,Aldi,4.5,3
60,15102,Grocery,Ruthfred Market,3.0,2
61,15102,Grocery,SHOP 'n SAVE,3.5,8
62,15102,Grocery,Get Go Fuel Station,4.0,6
63,15102,Grocery,Walmart,2.5,12
64,15102,Grocery,Giant Eagle,2.5,8
65,15102,Grocery,Cogo's Co Stores,2.5,2
66,15102,Grocery,Giant Eagle,3.0,2
67,15014,American,Devil Dog Saloon,5.0,1
68,15014,American,Park View Bar & Grille,2.5,2
69,15014,American,American Legion Post 226,5.0,1
70,15014,Bar,Devil Dog Saloon,5.0,1
71,15014,Bar,Park View Bar & Grille,2.5,2
72,15104,American,Superior Motors,4.0,154
73,15104,American,Brew Gentlemen,4.5,117
74,15104,American,Portogallo Peppers N'at,4.0,28
75,15104,American,Emil's Lounge,4.5,44
76,15104,Bar,Lucky Frank's Irish Pub,5.0,1
77,15104,Bar,Portogallo Peppers N'at,4.0,28
78,15104,Bar,Emil's Lounge,4.5,44
79,15017,American,The Crafty Jackalope,4.0,106
80,15017,American,Topgolf,3.0,51
81,15017,American,First Watch,4.5,115
82,15017,American,Bob Evans,3.0,18
83,15017,American,Texas Roadhouse,3.0,70
84,15017,American,Rpm's Wings and Things,2.0,12
85,15017,American,Sonic Drive-In,2.5,29
86,15017,American,Railyard Grill & Tap Room,3.5,98
87,15017,American,Wheel the Bar & Lounge,2.0,8
88,15017,American,McDonald's,2.0,26
89,15017,American,Eat'n Park,3.0,21
90,15017,American,Penn Station East Coast Subs,3.5,14
91,15017,American,PapaGallo Cucina,3.0,59
92,15017,American,Bee'z Bistro & Pub,3.0,45
93,15017,American,Pittsburgh Bottleshop Cafe,2.5,77
94,15017,American,Walnut Grill - Bridgeville,3.0,110
95,15017,American,Sammy's Pin High Pub,3.5,5
96,15017,Asian,New Dragon Express,4.0,52
97,15017,Asian,Classic Chinese Cuisine,3.5,16
98,15017,Latin,El Paso Mexican Grill,3.5,54
99,15017,Bar,The Crafty Jackalope,4.0,106
100,15017,Bar,Topgolf,3.0,51
101,15017,Bar,Rumfish Grille,3.0,175
102,15017,Bar,Bubba's Gourmet Burghers and Beer,4.0,159
103,15017,Bar,Railyard Grill & Tap Room,3.5,98
104,15017,Bar,Wheel the Bar & Lounge,2.0,8
105,15017,Bar,Bee'z Bistro & Pub,3.0,45
106,15017,Bar,Smoke Cigar Shop & Lounge,4.0,12
107,15017,Bar,Walnut Grill - Bridgeville,3.0,110
108,15017,Grocery,Fresh Thyme Farmers Market,4.0,24
109,15017,Grocery,Giant Eagle,2.0,5
110,15017,Grocery,Aldi,4.0,11
111,15017,Grocery,Giant Eagle,2.5,6
112,15017,Grocery,Cogo's,3.0,1
113,15020,American,Carousel Marina,5.0,1
114,15020,Bar,Carousel Marina,5.0,1
115,15106,American,One Thirty One East,4.5,127
116,15106,American,American Gyro,4.5,6
117,15106,American,Insurrection AleWorks,4.5,86
118,15106,American,Gab & Eat,4.5,102
119,15106,American,Bakn,4.0,347
120,15106,American,Alexion's Bar & Grill,4.0,68
121,15106,American,99 Bottles,3.5,58
122,15106,American,Riley's Pour House,4.0,84
123,15106,American,Kings,3.5,20
124,15106,Asian,Kasai,4.0,82
125,15106,Indian,Cafe Delhi,4.0,143
126,15106,Bar,99 Bottles,3.5,58
127,15106,Bar,Riley's Pour House,4.0,84
128,15106,Bar,Insurrection AleWorks,4.5,86
129,15106,Bar,One Thirty One East,4.5,127
130,15106,Bar,Alexion's Bar & Grill,4.0,68
131,15106,Bar,Duran's Restaurant & Lounge,3.0,9
132,15106,Bar,Concordia Club,5.0,1
133,15106,Bar,Manny's Rook Station Cafe,4.0,7
134,15106,Bar,Cantley's,2.0,3
135,15106,Bar,Muzzy's II,3.0,2
136,15106,Grocery,ALDI,4.0,6
137,15106,Grocery,Rahma Grocery and Halal Meat,5.0,2
138,15106,Grocery,Shop N' Save,4.0,10
139,15106,Grocery,Fine Wine & Good Spirits,3.5,4
140,15106,Grocery,Applelicious,5.0,20
141,15106,Grocery,Walmart,2.0,22
142,15106,Grocery,Family Dollar,3.0,1
143,15024,American,Tailgater's,1.5,3
144,15024,Bar,Clyde & Patties Bar,4.5,2
145,15024,Bar,Wicked Witches Bar & Grill,3.0,5
146,15024,Bar,Blue Haven Lounge,3.0,1
147,15025,American,Interchange Lounge,3.0,29
148,15025,American,Payne Hill Grille,3.0,14
149,15025,American,Falkers Tavern,5.0,4
150,15025,American,Blue Flame Restaurant,3.0,10
151,15025,American,Terrace Gardens Restaurant,4.0,5
152,15025,Bar,Interchange Lounge,3.0,29
153,15025,Bar,Terrace Gardens Restaurant,4.0,5
154,15026,American,Little Traverse Inn,5.0,2
155,15026,American,Janoski's Country Restaurant,3.0,27
156,15026,Grocery,Janoski's Farm and Greenhouse,4.0,11
157,15108,American,Hyeholde Restaurant,4.0,112
158,15108,American,Jacksons Restaurant,3.0,35
159,15108,American,Back Burner Bar & Grill,4.5,6
160,15108,American,Patrick's Pub and Grille,4.0,79
161,15108,American,Sauce Pot,4.5,6
162,15108,American,Bob Evans,3.0,29
163,15108,American,Appian Way Cafe & Lounge,4.0,6
164,15108,American,Bruegger's Bagels,3.0,13
165,15108,American,Wings Suds & Spuds,3.5,111
166,15108,American,Primanti Bros,3.5,218
167,15108,American,Rea's Restaurant,3.5,13
168,15108,American,The Hangar,3.5,28
169,15108,American,Tootsie's Diner,4.0,64
170,15108,American,Armstrong's,5.0,1
171,15108,American,Eat'n Park Restaurants,3.5,3
172,15108,American,Burger King,1.5,9
173,15108,American,Eggs N'at,4.5,196
174,15108,American,McDonald's,3.5,10
175,15108,American,The Burgh Sports Bar,3.5,46
176,15108,Asian,Kiyoshi,4.0,81
177,15108,Asian,Hunan Chinese Restaurant,3.5,26
178,15108,Asian,Tokyo,4.5,16
179,15108,Bar,Sea Shell Bar,4.0,24
180,15108,Bar,Patrick's Pub and Grille,4.0,79
181,15108,Bar,Casa Amigos,4.0,44
182,15108,Bar,The Hangar,3.5,28
183,15108,Bar,Wings Suds & Spuds,3.5,111
184,15108,Bar,Primanti Bros,3.5,218
185,15108,Bar,Back Burner Bar & Grill,4.5,6
186,15108,Bar,Appian Way Cafe & Lounge,4.0,6
187,15108,Bar,Jailhouse Saloon,3.0,6
188,15108,Bar,MJ's Steel City Saloon,3.5,13
189,15108,Bar,The Burgh Sports Bar,3.5,46
190,15108,Bar,Stardust Lounge,2.0,2
191,15108,Bar,Montour Hotel and Lounge,1.0,1
192,15108,Bar,Bar Symon,3.5,235
193,15108,Grocery,Giant Eagle,3.0,9
194,15108,Grocery,Kuhn's Market,3.0,4
195,15108,Grocery,Walmart Supercenter,3.5,9
196,15108,Grocery,La Poblanita,4.5,32
197,15108,Grocery,Coraopolis Cash Market,4.5,4
198,15108,Grocery,Giant Eagle Supermarket,2.0,2
199,15108,Grocery,Bottega Dei Sapori,4.5,34
200,15030,American,Killian's Pub,4.0,12
201,15046,American,Walker's Bar and Grill,3.5,5
202,15046,Bar,Walker's Bar and Grill,3.5,5
203,15031,American,Iron Creek Bar Grille,3.0,8
204,15031,Bar,Iron Creek Bar Grille,3.0,8
205,15031,Bar,Iron Creek,2.0,1
206,15034,Bar,Clancy's Pub,2.5,6
207,15110,American,McDonald's,1.0,10
208,15110,Bar,1313 Saloon,1.0,1
209,15110,Grocery,Save A Lot,1.0,1
210,15112,American,Bob's Lounge,4.0,5
211,15112,Bar,Bob's Lounge,4.0,5
212,15112,Bar,Hollywood Show Bar,2.5,3
213,15112,Grocery,A-Plus Mini Market,4.0,1
214,15037,American,Carriage Inn Restaurant and Catering,3.5,21
215,15037,American,Wagner's Restaurant,4.0,15
216,15037,American,Molnar's Lounge,4.0,1
217,15037,American,Rockwell's Red Lion Restaurant,4.0,27
218,15037,American,Rock Run Inn,4.5,6
219,15037,American,Bar 48 & Grille,4.0,4
220,15037,American,The Rib Crib,3.5,6
221,15037,American,Sunset Room,4.0,1
222,15037,American,Becky's Place,4.0,13
223,15037,American,Driscoll & Sons Cafe,3.0,42
224,15037,American,club 139,5.0,1
225,15037,American,R-Place Restaurant,3.0,4
226,15037,Bar,Bar 48 & Grille,4.0,4
227,15037,Bar,club 139,5.0,1
228,15037,Bar,The Rib Crib,3.5,6
229,15037,Bar,The Kickstand,1.0,6
230,15037,Bar,Cross Creek Inn,3.0,7
231,15037,Grocery,Decarlo's Fruit Market,5.0,7
232,15037,Grocery,Giant Eagle,3.5,3
233,15332,American,Hunting Lodge II,3.5,7
234,15332,American,Coconut Joe's Tiki Bar,2.0,2
235,15332,Bar,Roy's By the Tracks,4.0,1
236,15332,Bar,Coconut Joe's Tiki Bar,2.0,2
237,15332,Bar,Dennys Roadhouse,1.0,1
238,15332,Grocery,Trax Farms,3.5,41
239,15332,Grocery,Herman Farm Market,4.0,1
240,15044,American,Cala Lily Restaurant And Bar,4.0,37
241,15044,American,Barrel Junction,4.0,69
242,15044,American,Kings,2.5,13
243,15044,American,Applebee's Grill + Bar,2.5,12
244,15044,American,Atria's Restaurant & Tavern,2.5,26
245,15044,American,Buffalo Wild Wings,3.5,28
246,15044,American,Willee's Tavern,3.5,17
247,15044,American,The Clubhouse Gibsonia,3.0,55
248,15044,American,Eat'n Park,3.5,19
249,15044,American,Wendy's,1.0,1
250,15044,American,Pines Tavern,3.0,52
251,15044,Asian,Lin's Garden,4.0,35
252,15044,Bar,Barrel Junction,4.0,69
253,15044,Bar,Stack'd Burgers - Hampton,3.5,16
254,15044,Bar,Willee's Tavern,3.5,17
255,15044,Bar,Gateway Inn,4.0,1
256,15044,Bar,Steamworks Creative,5.0,4
257,15044,Bar,Applebee's Grill + Bar,2.5,12
258,15044,Bar,The Clubhouse Gibsonia,3.0,55
259,15044,Bar,Buffalo Wild Wings,3.5,28
260,15044,Bar,Pines Tavern,3.0,52
261,15044,Bar,Emiliano's Mexican Restaurant,3.5,71
262,15044,Grocery,Wagner's Market,5.0,3
263,15044,Grocery,Giant Eagle,3.5,4
264,15044,Grocery,Giant Eagle,1.5,4
265,15044,Grocery,Walmart,3.0,6
266,15044,Grocery,Harvest Valley Farms,5.0,5
267,15044,Grocery,GetGo Fuel Station,3.5,7
268,15044,Grocery,Shop N Save,3.5,5
269,15044,Grocery,Wine and Spirits,3.0,3
270,15045,American,Glassport Diner,4.0,6
271,15116,American,Hartwood Restaurant & Whispers Pub,4.5,69
272,15116,American,Middle Road Inn,3.5,40
273,15116,American,Cole Cafe,3.5,39
274,15116,American,Gator's Grille formerly JD's Pub,3.5,37
275,15116,American,The 412 Bar & Grill,2.5,6
276,15116,Asian,Le Thai Café,4.5,92
277,15116,Bar,Hartwood Restaurant & Whispers Pub,4.5,69
278,15116,Bar,Gator's Grille formerly JD's Pub,3.5,37
279,15116,Grocery,Giant Eagle,3.5,8
280,15120,American,Dorothy 6 Blast Furnace Cafe,4.0,157
281,15120,American,Honest John's Bar & Restaurant,4.5,84
282,15120,American,Duke's Upper Deck Cafe,4.0,59
283,15120,American,Enix Brewing,4.5,19
284,15120,American,Lapko's Bar & Grill,3.5,5
285,15120,American,Falce's Restaurant,4.0,15
286,15120,American,Rock Bottom Restaurant & Brewery,3.0,228
287,15120,American,Steak ’n Shake,2.0,103
288,15120,American,Primanti Bros,3.0,44
289,15120,American,Burgatory,4.0,319
290,15120,American,Uno Pizzeria & Grill,3.0,73
291,15120,American,Red Robin Gourmet Burgers,2.5,111
292,15120,American,TGI Fridays,2.5,47
293,15120,American,LongHorn Steakhouse,3.0,94
294,15120,American,Dave & Buster's,2.5,177
295,15120,American,Eat'n Park,3.0,70
296,15120,American,Bar Louie,3.0,126
297,15120,American,Yokoso Japanese Steakhouse,3.0,164
298,15120,Asian,Me Lyng Restaurant,3.5,47
299,15120,Asian,P.F. Chang's,3.0,149
300,15120,Asian,Yokoso Japanese Steakhouse,3.0,164
301,15120,Bar,Voodoo Brewery - Homestead,4.5,97
302,15120,Bar,Eighth & Hays,4.5,87
303,15120,Bar,Honest John's Bar & Restaurant,4.5,84
304,15120,Bar,Blue Dust,4.0,162
305,15120,Bar,Dorothy 6 Blast Furnace Cafe,4.0,157
306,15120,Bar,Duke's Upper Deck Cafe,4.0,59
307,15120,Bar,Lapko's Bar & Grill,3.5,5
308,15120,Bar,Bar Louie,3.0,126
309,15120,Bar,Wolf's Pub,4.5,5
310,15120,Bar,Burgatory,4.0,319
311,15120,Bar,Chic's Place,3.5,2
312,15120,Bar,Pido's Pub,4.0,8
313,15120,Bar,Pisci's,3.5,5
314,15120,Bar,J & L's Double Headers,4.0,2
315,15120,Bar,Draft House,4.5,3
316,15120,Bar,Sing Sing Dueling Piano Bar,3.5,42
317,15120,Bar,Primanti Bros,3.0,44
318,15120,Bar,Dave & Buster's,2.5,177
319,15120,Bar,Randy's Beer Barrel Pub,2.5,2
320,15120,Bar,Carnegie Library Music Hall,3.5,33
321,15120,Bar,Hotel Parry,2.5,2
322,15120,Grocery,Giant Eagle,3.5,43
323,15120,Grocery,ALDI,3.5,7
324,15120,Grocery,Fine Wine & Good Spirits - Premium Collection,4.5,9
325,15126,American,Cole's Pub,4.0,37
326,15126,American,Celebrations Bar Banquet and Grill,3.5,5
327,15126,American,Garden of Eating Pizzeria,4.0,22
328,15126,Asian,Asian Bistro,5.0,1
329,15126,Bar,Cole's Pub,4.0,37
330,15126,Grocery,Fine Wine & Good Spirits,1.0,1
331,15642,American,Emidio's Bistro,5.0,1
332,15642,American,The Firepit Wood Fired Grill,3.5,89
333,15642,American,Atria's - Norwin,4.0,17
334,15642,American,The Brick House Tap & Grill,3.0,41
335,15642,American,Colonial Grille,4.0,33
336,15642,American,Rodney's Restaurant,4.0,31
337,15642,American,Applebee's Grill + Bar,3.0,28
338,15642,American,Jacktown Ride & Hunt Club,4.0,8
339,15642,American,Bob Evans,2.5,12
340,15642,American,Eat'n Park Restaurants,3.5,17
341,15642,American,Shenanigans Sports Bar & Grille,2.5,37
342,15642,American,Denny's,3.5,7
343,15642,American,Wendy's,2.0,6
344,15642,American,Atami Japan,4.0,26
345,15642,American,K-Vay's Restaurant,3.5,21
346,15642,American,Liz's Catering & Restaurant,5.0,1
347,15642,American,Burger King,1.5,4
348,15642,American,Fury Brewing,4.0,11
349,15642,Asian,Yummy Palace,4.0,51
350,15642,Asian,China Garden,4.5,21
351,15642,Bar,Korner Tavern,5.0,1
352,15642,Bar,Shenanigans Sports Bar & Grille,2.5,37
353,15642,Bar,The Brick House Tap & Grill,3.0,41
354,15642,Bar,Dal Forno,4.5,30
355,15642,Bar,Norwin Bowl,4.0,3
356,15642,Bar,Woody's Piazza Bar,3.5,12
357,15642,Bar,Applebee's Grill + Bar,3.0,28
358,15642,Grocery,Ross's SHOP 'n SAVE,2.5,7
359,15642,Grocery,Giant Eagle,3.5,11
360,15642,Grocery,Aldi,4.0,2
361,15642,Grocery,Walmart Supercenter,3.0,12
362,15642,Grocery,Korner Store,4.0,1
363,15642,Grocery,Rite Aid,4.0,2
364,15642,Grocery,Spee-D Mart,5.0,1
365,15056,American,Mike's Place,4.0,14
366,15056,Asian,Asian Star,4.0,14
367,15056,Bar,Marroni's Lounge,5.0,5
368,15056,Bar,Mike's Place,4.0,14
369,15056,Grocery,Giant Eagle,1.5,6
370,15056,Grocery,Giant Eagle,1.0,2
371,16046,American,Hines Ward's Tavern 86,3.5,196
372,16046,American,Springfield Grille,4.0,113
373,16046,American,Breakneck Tavern,4.0,151
374,16046,American,Ember & Vine,4.0,48
375,16046,American,Jimmy's Strip District Grill,3.5,13
376,16046,American,Max & Erma's,3.5,51
377,16046,American,Pig Iron Public House,3.5,271
378,16046,American,Mamma's Place,2.0,6
379,16046,American,Eat'n Park,3.0,30
380,16046,American,Bob Evans,3.5,19
381,16046,Asian,Yama Sushi,4.5,66
382,16046,Asian,China House,3.0,4
383,16046,Bar,Breakneck Tavern,4.0,151
384,16046,Bar,Pig Iron Public House,3.5,271
385,16046,Bar,Ember & Vine,4.0,48
386,16046,Bar,Vines by Hines Ward,3.0,16
387,16046,Bar,Legend's Pub,2.5,4
388,16046,Grocery,Giant Eagle,2.5,9
389,16046,Grocery,PA Wine & Spirits Store,2.0,2
390,15057,American,Liz' Corner Kitchen,4.5,2
391,15057,American,Michael's Tavern,1.0,1
392,15057,American,North Star Restaurant,4.0,11
393,15057,Bar,Fort Cherry Golf Club,2.5,3
394,15057,Grocery,Giant Eagle,2.0,4
395,15057,Grocery,Bedner's Farm & Greenhouse,4.5,6
396,15057,Grocery,Brown's Orchard,5.0,1
397,15136,American,Bobby D's Burgers & Barbecue,4.5,44
398,15136,American,Downey's House,4.0,86
399,15136,American,Rockefeller's Grille,4.0,34
400,15136,American,Abjuration Brewing,5.0,3
401,15136,American,Walnut Grill - Robinson,3.0,80
402,15136,American,The Dead Horse Cantina & Music Hall,4.0,2
403,15136,American,Mickey's Place,2.5,2
404,15136,American,Rocks Landing Bar & Grille,4.0,8
405,15136,Asian,Hunan Wok,2.0,7
406,15136,Latin,Cocina Latina,4.5,23
407,15136,Bar,Bobby D's Burgers & Barbecue,4.5,44
408,15136,Bar,Take A Break Bar,4.0,23
409,15136,Bar,Rudy's Bar,4.5,5
410,15136,Bar,The Dead Horse Cantina & Music Hall,4.0,2
411,15136,Bar,Rocks Landing Bar & Grille,4.0,8
412,15136,Bar,Norwood Inn,5.0,1
413,15136,Bar,Angelias Italian Grille,4.0,12
414,15136,Grocery,Giant Eagle,3.0,9
415,15136,Grocery,Shop N'save,1.0,1
416,15136,Grocery,Ricci Italian Sausage,4.0,4
417,15131,American,Wendy's,2.0,5
418,15131,American,Jac's Cafe,3.0,11
419,15131,American,Veltre's Pizza of White Oak,4.0,23
420,15131,Bar,Twin Oaks Lounge,3.0,29
421,15131,Bar,The Rose Bar & Grille,2.5,6
422,15131,Grocery,Giant Eagle,3.5,3
423,15131,Grocery,Scozio's Family Supermarkets & Pastry Shoppes,3.0,1
424,15132,American,Puzzlers Restaurant & Lounge,3.0,10
425,15132,American,Mellon's Pub,4.0,2
426,15132,American,Eat'n Park,1.0,1
427,15132,American,Scotty's Ice Cream Delights,5.0,1
428,15132,American,American Recovery Corporation,1.0,2
429,15132,Bar,Mellon's Pub,4.0,2
430,15132,Bar,The Roo Bar & Grill,3.5,4
431,15132,Bar,Tillie's Restaurant & Chantillie Lounge,4.0,68
432,15132,Bar,Cal's Cantina,3.0,3
433,15132,Grocery,Shop N Save-Olympia,1.0,1
434,15133,American,Liberty Boro Sandwich Factory,4.0,3
435,15133,American,Annie's Hitching Post,5.0,1
436,15133,Bar,Annie's Hitching Post,5.0,1
437,15133,Bar,Port Vue Pub,4.0,1
438,15135,American,Rich's Parkside Den,5.0,4
439,15135,American,Boston Waterfront Restaurant & Lounge,2.5,7
440,15135,Bar,Boston Waterfront Restaurant & Lounge,2.5,7
441,15135,Grocery,Greenock Deli,4.0,8
442,15063,American,The Tap Factory,4.0,15
443,15063,American,El Dorado Bar,4.5,3
444,15063,American,Main Street Tavern,4.0,1
445,15063,American,Two and a Fry,4.0,5
446,15063,American,Eat'n Park,2.0,7
447,15063,Bar,Bar,5.0,1
448,15063,Bar,Jim's Bar,5.0,1
449,15063,Bar,The Tap Factory,4.0,15
450,15063,Bar,El Dorado Bar,4.5,3
451,15063,Bar,Angelo's II,4.0,8
452,15063,Bar,Main Street Tavern,4.0,1
453,15063,Bar,Blaine Hill BBQ,5.0,1
454,15063,Grocery,Giant Eagle,2.0,1
455,15063,Grocery,Cox Market,4.0,1
456,15063,Grocery,Monongahela Foodland,1.0,1
457,15146,American,Hello Bistro,4.5,5
458,15146,American,Wooden Nickel,3.5,73
459,15146,American,Rosecliff Tavern,3.5,32
460,15146,American,Penn Station East Coast Subs,4.0,19
461,15146,American,Dad's Pub & Grub,4.5,159
462,15146,American,Gateway Grill,3.5,147
463,15146,American,Madison's Bar and Grill,3.0,6
464,15146,American,Max & Erma's,3.5,79
465,15146,American,Boston Market,4.0,6
466,15146,American,Denny's,3.5,36
467,15146,American,Wendy's,2.5,9
468,15146,American,Share Wine Lounge And Bistro,3.5,11
469,15146,American,Red Lobster,3.0,32
470,15146,American,Flamers,3.0,5
471,15146,American,Bob Evans,2.5,32
472,15146,American,Primanti Bros,3.5,126
473,15146,American,Outback Steakhouse,3.0,71
474,15146,American,Red Robin Gourmet Burgers,2.5,47
475,15146,American,Kings,3.5,16
476,15146,American,Eat'n Park,2.5,33
477,15146,American,TGI Fridays,2.5,53
478,15146,American,Tolerico's Restaurant,3.0,30
479,15146,Asian,Taipei Tokyo,4.0,122
480,15146,Asian,Asian Cuisine,4.5,4
481,15146,Asian,Golden Palace,4.5,34
482,15146,Asian,Fortune Star,3.0,55
483,15146,Asian,China Palace,3.5,34
484,15146,Asian,Panda Express,3.5,22
485,15146,Asian,China King,3.5,3
486,15146,Asian,Saga Hibachi Steakhouse & Sushi Bar,3.0,70
487,15146,Latin,Patron Mexican Grill,3.5,76
488,15146,Indian,Udipi Cafe,4.0,309
489,15146,Indian,Mintt Indian Cuisine,4.0,57
490,15146,Indian,India Garden,3.0,74
491,15146,Indian,Biryani House Kabab And Grill,4.0,14
492,15146,Bar,Dad's Pub & Grub,4.5,159
493,15146,Bar,Rosecliff Tavern,3.5,32
494,15146,Bar,James Street Tavern,4.0,10
495,15146,Bar,La Barbe,5.0,3
496,15146,Bar,Madison's Bar and Grill,3.0,6
497,15146,Bar,Wooden Nickel,3.5,73
498,15146,Bar,Strike Zone Pub,1.0,2
499,15146,Bar,Primanti Bros,3.5,126
500,15146,Bar,McDains,4.5,7
501,15146,Bar,Tolerico's Restaurant,3.0,30
502,15146,Bar,Share Wine Lounge And Bistro,3.5,11
503,15146,Bar,Golden Goblet,3.0,13
504,15146,Grocery,Giant Eagle,3.0,26
505,15146,Grocery,Asian Food Market  Bobae,4.5,5
506,15146,Grocery,Fair Price Market,4.5,2
507,15146,Grocery,Labriola's Italian Market,3.5,15
508,15146,Grocery,Patel Brothers,3.0,10
509,15146,Grocery,Sam's Club,3.0,15
510,15146,Grocery,GFS Marketplace,4.0,5
511,15146,Grocery,Patel Brothers,5.0,1
512,15146,Grocery,Aldi,4.5,3
513,15146,Grocery,Scozio's Family Supermarkets & Pastry Shoppes,4.0,1
514,15146,Grocery,Haymaker Village Shop & Save,1.0,2
515,15146,Grocery,Gordon Food Service Marketplace,5.0,1
516,15146,Grocery,Sheetz #327,3.5,2
517,15668,American,Juniper Grill - Murrysville,4.0,88
518,15668,American,First Watch,4.0,22
519,15668,American,Dick's Diner,4.0,68
520,15668,American,Murrysville Pizza,4.5,2
521,15668,American,Burgatory,4.0,136
522,15668,American,Crave Melt and Tap,3.5,77
523,15668,American,Bob's Inn,3.5,9
524,15668,American,Atria's Restaurant,3.5,77
525,15668,American,North Park Lounge,3.5,99
526,15668,American,Eat'n Park,3.5,8
527,15668,American,Applebee's Grill + Bar,2.5,18
528,15668,Asian,Asian Cafe,4.0,16
529,15668,Asian,Jade Garden Restaurant,3.5,25
530,15668,Asian,Hunan Kitchen,4.0,15
531,15668,Latin,Madero Cantina,4.0,75
532,15668,Bar,Crave Melt and Tap,3.5,77
533,15668,Bar,North Park Lounge,3.5,99
534,15668,Bar,Bob's Inn,3.5,9
535,15668,Bar,Juniper Grill - Murrysville,4.0,88
536,15668,Bar,Burgatory,4.0,136
537,15668,Bar,Applebee's Grill + Bar,2.5,18
538,15668,Bar,Atria's Restaurant,3.5,77
539,15668,Grocery,Shop 'N Save,2.5,2
540,15668,Grocery,Murrysville Shop'n Save Market,1.0,1
541,15668,Grocery,Ferri Family Pharmacy,3.0,7
542,15668,Grocery,Sheetz #204,3.5,13
543,15065,American,Saxon Inn,3.5,11
544,15065,American,Anchor Inn,3.5,20
545,15065,American,Eat'n Park,3.5,6
546,15065,American,Fortune Star Buffet & Grill,2.5,14
547,15065,American,Phillippi's Family Dining & Pizzeria,4.0,16
548,15065,American,American Family Hobbycraft,3.0,1
549,15065,American,American Legion Post 48,5.0,1
550,15065,Bar,Saxon Inn,3.5,11
551,15065,Bar,Phillippi's Family Dining & Pizzeria,4.0,16
552,15065,Grocery,Blackberry Meadows Farm,5.0,3
553,15065,Grocery,Community Super Market,2.5,3
554,15065,Grocery,Walmart Supercenter,2.5,4
555,15065,Grocery,Walmart Supercenter,2.5,2
556,15068,American,Harry's,5.0,1
557,15068,American,The Breakaway Bar and Grill,4.0,18
558,15068,American,Gunny's Lounge,4.0,10
559,15068,American,Elena Restaurant & Cafe,4.0,27
560,15068,American,Clark's Diner,4.5,3
561,15068,American,Kings,4.0,3
562,15068,American,Stella's Restaurant,4.0,17
563,15068,American,Denny's,3.5,14
564,15068,American,Wendy's,1.0,2
565,15068,American,Claudette's Kitchen,4.0,3
566,15068,American,Eat'n Park,2.5,4
567,15068,American,King's Family Restaurants,3.0,8
568,15068,American,Hanes Tavern,3.0,2
569,15068,American,Mogie's Restaurant & Irish Pub,2.5,8
570,15068,American,Wendy's,1.5,2
571,15068,American,Woodpeckers Pub & Grub,3.5,18
572,15068,American,Beermuda,3.0,32
573,15068,Asian,Asian Kitchen,4.5,14
574,15068,Asian,Bamboo Republic,5.0,36
575,15068,Bar,The Breakaway Bar and Grill,4.0,18
576,15068,Bar,House of 1000 Beers,4.5,71
577,15068,Bar,Harry's,5.0,1
578,15068,Bar,Gunny's Lounge,4.0,10
579,15068,Bar,Woodpeckers Pub & Grub,3.5,18
580,15068,Bar,Blind Pig Saloon,1.0,1
581,15068,Grocery,Giant Eagle,3.0,9
582,15068,Grocery,Aldi,4.5,3
583,15068,Grocery,Costa Market,5.0,6
584,15068,Grocery,Golden Dawn Supermarket,4.0,3
585,15068,Grocery,Community Super Market,2.0,4
586,15068,Grocery,Eazer's Restaurant & Deli,4.0,14
587,15068,Grocery,A-Plus Mini Market,3.0,1
588,15068,Grocery,Shop N Save,1.0,2
589,15068,Grocery,All Season Mini Market,2.0,1
590,15137,American,Broad Street Bistro,4.0,22
591,15137,American,Hurricane Alley,3.0,4
592,15137,American,Eat'n Park,3.0,5
593,15137,American,Burger King,2.5,11
594,15137,American,Denny's,3.5,10
595,15137,American,Kings,3.0,16
596,15137,American,Primanti Bros,3.0,38
597,15137,American,Full Pint Brewing Company,4.0,26
598,15137,American,Burger King,2.0,9
599,15137,Bar,Broad Street Bistro,4.0,22
600,15137,Bar,Drew Menas Restaurant & Lounge,2.5,15
601,15137,Bar,Flix sports bar,2.0,4
602,15137,Bar,Phoenix Big Cinemas North Versailles Stadium 18,4.0,22
603,15137,Bar,Primanti Bros,3.0,38
604,15137,Grocery,Walmart Supercenter,2.5,7
605,15137,Grocery,Save-A-Lot,1.5,2
606,15137,Grocery,Giant Eagle,4.0,5
607,15071,American,Helicon Brewing,4.5,25
608,15071,American,Jo Jo's Place,4.5,17
609,15071,American,The Diner,3.5,49
610,15071,American,Settle Inn,4.0,2
611,15071,American,Rooster's Road House,3.5,3
612,15071,American,Scoops & More,4.5,23
613,15071,American,The Pub at Tonidale,3.0,8
614,15071,American,Tonidale Restaurant and Lounge,2.0,4
615,15071,Bar,The Pub at Tonidale,3.0,8
616,15071,Bar,Oakdale Inn,3.0,6
617,15071,Bar,Rooster's Road House,3.5,3
618,15071,Grocery,Sil's Market,2.5,3
619,15071,Grocery,Sunny Meadow Foods,4.0,1
620,15071,Grocery,Huckleberry's,4.0,1
621,15139,American,The Chelsea Grille,4.0,57
622,15139,American,The Mighty Oak Barrel,4.0,41
623,15139,American,What's Cooking at Casey's,3.5,44
624,15139,American,The Pub At 333,3.5,73
625,15139,American,Hoffstot's Cafe Monaco,3.5,83
626,15139,American,The Lot at Edgewater,3.5,45
627,15139,American,Carnivores Restaurant & Sports Bar,3.5,82
628,15139,American,Oakmont Tavern,3.0,19
629,15139,Asian,China House,4.0,19
630,15139,Bar,The Pub At 333,3.5,73
631,15139,Bar,Mike's Wife's Bar & Grill,3.5,9
632,15139,Bar,Carnivores Restaurant & Sports Bar,3.5,82
633,15139,Bar,Oakmont Tavern,3.0,19
634,15139,Bar,Hoffstot's Cafe Monaco,3.5,83
635,15139,Bar,Michael A's Restaurant & Lounge,3.0,21
636,15139,Grocery,Oakmont Olive Oil Company,5.0,1
637,15139,Grocery,Oakmont Deli,4.0,22
638,15139,Grocery,Giant Eagle,1.0,1
639,15140,Bar,PFD 2 Social Club,5.0,1
640,15140,Grocery,Joe's Butcher Shop,4.0,3
641,15201,American,Cinderlands Beer,4.5,83
642,15201,American,Industry Public House,3.5,530
643,15201,American,Walter's Southern Kitchen,3.0,73
644,15201,American,Stinky's Bar & Grill,4.0,52
645,15201,American,Pastitsio,4.0,105
646,15201,American,The Abbey on Butler Street,3.5,270
647,15201,American,Dive Bar & Grill,4.0,130
648,15201,American,The Vandal,4.0,201
649,15201,American,Hambone's Neighborhood Bar and Grill,3.5,82
650,15201,American,Geppetto Cafe,4.5,166
651,15201,American,New Amsterdam,3.5,110
652,15201,American,Burgh'ers Brewing,4.0,145
653,15201,American,Wendy's,2.5,24
654,15201,American,Full Pint Wild Side,4.0,55
655,15201,American,Ki Ramen,3.5,171
656,15201,American,Poulet Bleu,4.5,103
657,15201,American,Church Brew Works,3.5,1026
658,15201,Asian,Umami,4.0,222
659,15201,Asian,Banh Mi & Ti,4.5,219
660,15201,Asian,Ki Ramen,3.5,171
661,15201,Asian,Hug Thai,3.5,19
662,15201,Asian,Zen Asian Diner,3.0,85
663,15201,Latin,Morcilla,4.5,256
664,15201,Latin,Ki Pollo,3.5,60
665,15201,Latin,Round Corner Cantina,3.5,354
666,15201,Bar,New Amsterdam,3.5,110
667,15201,Bar,Grapperia,4.5,50
668,15201,Bar,The Goldmark,4.0,24
669,15201,Bar,Bierport,4.5,34
670,15201,Bar,The Vandal,4.0,201
671,15201,Bar,Industry Public House,3.5,530
672,15201,Bar,Belvedere's,3.5,53
673,15201,Bar,The Abbey on Butler Street,3.5,270
674,15201,Bar,North Park Lounge Lawrenceville,4.5,19
675,15201,Bar,Cattivo,3.5,27
676,15201,Bar,Kelly's Korner,4.0,9
677,15201,Bar,Full Pint Wild Side,4.0,55
678,15201,Bar,Spirit Lodge,4.0,81
679,15201,Bar,Dive Bar & Grill,4.0,130
680,15201,Bar,Hambone's Neighborhood Bar and Grill,3.5,82
681,15201,Bar,Remedy Restaurant and Lounge,3.5,55
682,15201,Bar,Merchant Oyster Company,3.5,74
683,15201,Bar,Round Corner Cantina,3.5,354
684,15201,Bar,Umami,4.0,222
685,15201,Bar,The Allegheny Wine Mixer,4.5,140
686,15201,Bar,Ki Ramen,3.5,171
687,15201,Grocery,52nd Street Market,5.0,17
688,15201,Grocery,Shop 'n Save,2.5,5
689,15201,Grocery,Many More Asian Market,4.0,16
690,15201,Grocery,Salonika Imports,4.5,7
691,15201,Grocery,Salem's Market & Grill,4.5,196
692,15201,Grocery,Family Dollar Stores,3.5,4
693,15201,Grocery,Quick Stop Convenience Store Mini Mart,4.5,3
694,15202,American,Revival on Lincoln,5.0,8
695,15202,American,Grille 565,4.0,38
696,15202,American,Pizza Ephesus,3.5,46
697,15202,American,Joe's Rusty Nail,4.0,67
698,15202,American,Pizza Pronto & Gyro House - Avalon,4.0,34
699,15202,American,Cafe Notte,4.0,62
700,15202,American,Eat'n Park,3.5,23
701,15202,American,The Jackman Bar & Restaurant,3.5,10
702,15202,American,Rupe's Roadhouse,4.0,30
703,15202,American,Bellevue Diner,3.5,24
704,15202,American,Big Shot Bob's House of Wings - Avalon,4.5,97
705,15202,American,Chev & Rachel's Family Diner,4.5,36
706,15202,American,Dari-Villa Restaurant,3.5,23
707,15202,American,Burger King,3.0,6
708,15202,American,Rusty Dory Pub,3.5,19
709,15202,American,Wendy's,1.5,10
710,15202,American,Sunny Jim's Tavern,3.5,80
711,15202,American,McDonald's,3.0,13
712,15202,Asian,Thai Tamarind,4.0,102
713,15202,Asian,House of Lee Restaurant,3.0,35
714,15202,Bar,Johnny's Hide-A-Way,4.5,2
715,15202,Bar,Rusty Dory Pub,3.5,19
716,15202,Bar,The Jackman Bar & Restaurant,3.5,10
717,15202,Bar,Grille 565,4.0,38
718,15202,Bar,Rupe's Roadhouse,4.0,30
719,15202,Bar,Cafe Notte,4.0,62
720,15202,Bar,Carline Cafe,1.0,1
721,15202,Bar,Sunny Jim's Tavern,3.5,80
722,15202,Grocery,Kuhn's Market,3.0,12
723,15202,Grocery,Produce Plus Market and Deli,4.5,3
724,15203,American,Dive Bar and Grille,4.0,57
725,15203,American,Fat Heads Saloon,4.0,715
726,15203,American,The Urban Tap,4.0,267
727,15203,American,The Smiling Moose,4.0,133
728,15203,American,Carmella's Plates & Pints,4.0,181
729,15203,American,20th St. Bar and Grill,1.5,2
730,15203,American,Acacia,4.5,137
731,15203,American,Excuses Bar & Grill,4.0,31
732,15203,American,Stagioni,4.0,128
733,15203,American,Nadine's,4.0,99
734,15203,American,UUBU 6,3.5,14
735,15203,American,Piper's Pub,4.5,367
736,15203,American,Double Wide Grill,3.5,438
737,15203,American,Streets On Carson,4.5,113
738,15203,American,Red & Irene's Tavern,5.0,5
739,15203,American,Hello Bistro,3.5,76
740,15203,American,Ruggers Pub,4.0,40
741,15203,American,Smokin' Joe's,4.0,90
742,15203,American,The Flats on Carson,3.0,31
743,15203,American,Green Front Inn,3.5,10
744,15203,American,Tres Rios,4.0,139
745,15203,American,Primanti Bros,3.5,158
746,15203,American,OTB Bicycle Café,4.0,223
747,15203,American,Finn McCools,3.0,14
748,15203,American,The Pub Chip Shop,4.5,232
749,15203,American,Bruegger's Bagels,3.5,24
750,15203,Asian,Cambod-Ican Kitchen,4.5,115
751,15203,Asian,Dancing Crab Thai Noodle House,4.5,120
752,15203,Asian,Lin's Asian Fusion,3.5,113
753,15203,Asian,Apsara Cafe,4.0,84
754,15203,Asian,Little Tokyo Bistro,4.0,122
755,15203,Asian,Asian Fusion Bowl,3.5,18
756,15203,Asian,Mad Noodles,3.5,78
757,15203,Asian,Thai Me Up,3.5,191
758,15203,Asian,Nakama,3.0,333
759,15203,Latin,The Colombian Spot,4.5,92
760,15203,Latin,Cilantro & Ajo,4.5,27
761,15203,Latin,Tres Rios,4.0,139
762,15203,Latin,"La Palapa, Traditional Mexican Kitchen",4.0,218
763,15203,Latin,Doce Taqueria,4.5,237
764,15203,Latin,Emilliano's Mexican Restaurant and Bar,3.5,265
765,15203,Indian,The Zenith,4.0,184
766,15203,Bar,Acacia,4.5,137
767,15203,Bar,Jekyl & Hyde,4.0,36
768,15203,Bar,Dive Bar and Grille,4.0,57
769,15203,Bar,The Smiling Moose,4.0,133
770,15203,Bar,Piper's Pub,4.5,367
771,15203,Bar,Carmella's Plates & Pints,4.0,181
772,15203,Bar,Excuses Bar & Grill,4.0,31
773,15203,Bar,Smokin' Joe's,4.0,90
774,15203,Bar,Jack's  Bar,4.0,69
775,15203,Bar,Tiki Lounge,3.0,81
776,15203,Bar,Skybar Pittsburgh,2.0,26
777,15203,Bar,The Urban Tap,4.0,267
778,15203,Bar,Streets On Carson,4.5,113
779,15203,Bar,White Eagle,4.0,6
780,15203,Bar,Hofbrauhaus Pittsburgh,4.0,684
781,15203,Bar,The Flats on Carson,3.0,31
782,15203,Bar,Walker's Pub,3.5,7
783,15203,Bar,Red & Irene's Tavern,5.0,5
784,15203,Bar,Ruggers Pub,4.0,40
785,15203,Bar,Brewski's,4.0,18
786,15203,Bar,Carson Street Deli & Craft Beer Bar,4.5,121
787,15203,Bar,88,5.0,1
788,15203,Bar,Pregame,5.0,5
789,15203,Bar,Birmingham Bridge Tavern,4.0,72
790,15203,Bar,Garvey's,4.0,2
791,15203,Bar,Casey's Draft House,3.5,29
792,15203,Bar,Tres Rios,4.0,139
793,15203,Bar,Mario's South Side Saloon,3.0,100
794,15203,Grocery,Giant Eagle,2.0,21
795,15203,Grocery,Aldi,4.0,27
796,15203,Grocery,South Side Farmers Market,3.5,5
797,15203,Grocery,Rite Aid,4.0,6
798,15203,Grocery,Schwartz Market,2.0,1
799,15203,Grocery,Get Go,3.0,13
800,15205,American,Mission BBQ,4.5,83
801,15205,American,Bishop's Corner Café,4.5,16
802,15205,American,Hanlon's Cafe,4.5,30
803,15205,American,Fireside Inn,3.5,15
804,15205,American,Pennsbury Pub & Grill,3.5,21
805,15205,American,Creekhouse,3.5,91
806,15205,American,Central Diner & Grille,4.0,490
807,15205,American,Asado Urban Grill at Pittsburgh,4.0,1
808,15205,American,Primanti Bros,3.5,141
809,15205,American,First Watch,4.0,93
810,15205,American,Steak ’n Shake,2.0,97
811,15205,Asian,Ya Fei,4.0,90
812,15205,Asian,Thai Foon,3.5,177
813,15205,Asian,Chan An Restaurant,4.0,24
814,15205,Asian,Sushi Bomb,4.0,21
815,15205,Asian,P.F. Chang's,3.0,86
816,15205,Asian,Angkor Restaurant,4.0,118
817,15205,Asian,Ichiban,3.5,96
818,15205,Asian,Panda Express,3.0,19
819,15205,Latin,Bahama Breeze,3.5,163
820,15205,Indian,Thai Foon,3.5,177
821,15205,Bar,Fireside Inn,3.5,15
822,15205,Bar,Bishop's Corner Café,4.5,16
823,15205,Bar,All Star Sports Bar & Grill,3.5,50
824,15205,Bar,Circle Inn,4.0,3
825,15205,Bar,Mugshots Cafe,3.0,12
826,15205,Bar,Pennsbury Pub & Grill,3.5,21
827,15205,Bar,Creekhouse,3.5,91
828,15205,Bar,Primanti Bros,3.5,141
829,15205,Bar,The Hop House - Greentree,3.0,62
830,15205,Bar,Blinky's Noble Grill & Bar,3.0,19
831,15205,Grocery,Giant Eagle Market District,4.0,102
832,15205,Grocery,Aldi,3.5,3
833,15205,Grocery,Giant Eagle,3.5,3
834,15205,Grocery,Market Fresh Meats,4.5,3
835,15205,Grocery,Walgreens,4.5,3
836,15205,Grocery,Cvs/Pharmacy,3.5,4
837,15205,Grocery,Shop N'save,2.0,3
838,15206,American,Spoon,4.0,313
839,15206,American,Wallace's Whiskey Room + Kitchen,3.5,7
840,15206,American,Whitfield,4.0,212
841,15206,American,Fish Nor Fowl,4.0,23
842,15206,American,BRGR,3.5,443
843,15206,American,The Fire Side Public House,3.5,156
844,15206,American,The Urban Tap,3.5,132
845,15206,American,Muddy Waters Oyster Bar,4.5,389
846,15206,American,East End Brewing Company,4.5,99
847,15206,American,Spork,4.0,124
848,15206,American,Primanti Bros,3.5,36
849,15206,American,Park Place Pub,3.0,30
850,15206,American,Couch Brewery,4.0,25
851,15206,American,Kelly's Bar & Lounge,3.5,168
852,15206,Asian,Noodlehead,4.5,1105
853,15206,Asian,honeygrow,4.0,100
854,15206,Asian,Teppanyaki Kyoto,4.0,168
855,15206,Asian,Szechuan Spice,4.0,75
856,15206,Asian,Smiling Banana Leaf,4.0,445
857,15206,Asian,Asiatique Thai Bistro,3.5,72
858,15206,Asian,China Garden,2.5,22
859,15206,Indian,Choolaah Indian BBQ,4.0,219
860,15206,Indian,honeygrow,4.0,100
861,15206,Bar,Lorelei,4.0,29
862,15206,Bar,Wallace's Whiskey Room + Kitchen,3.5,7
863,15206,Bar,La Riviera Bistro,5.0,7
864,15206,Bar,Muddy Waters Oyster Bar,4.5,389
865,15206,Bar,The Fire Side Public House,3.5,156
866,15206,Bar,Shadyside Hideaway Bar,3.0,13
867,15206,Bar,Kelly's Bar & Lounge,3.5,168
868,15206,Bar,The Urban Tap,3.5,132
869,15206,Bar,Couch Brewery,4.0,25
870,15206,Bar,Park Place Pub,3.0,30
871,15206,Bar,Bulldog Pub,4.5,53
872,15206,Bar,Social,3.0,234
873,15206,Bar,Spork,4.0,124
874,15206,Bar,Casbah,4.0,381
875,15206,Grocery,Trader Joe's,4.0,144
876,15206,Grocery,Whole Foods Market,3.5,146
877,15206,Grocery,ALDI,4.0,36
878,15206,Grocery,Bryant Street Market,4.5,17
879,15206,Grocery,Giant Eagle,2.5,21
880,15206,Grocery,Fine Wine & Good Spirits - Premium Collection,4.0,39
881,15206,Grocery,R Market,3.0,1
882,15206,Grocery,Walgreens,2.5,6
883,15206,Grocery,Pistella Beer Distributors,4.0,20
884,15206,Grocery,Dollar Tree,3.0,7
885,15206,Grocery,Le's Grocery,2.5,2
886,15206,Grocery,Rite Aid,4.0,5
887,15206,Grocery,Morningside Market,3.0,1
888,15207,American,C&D's Kitchen,4.0,1
889,15207,American,Big Jim's Restaurant & Bar,4.0,186
890,15207,American,Yesterday's Bar & Grill,3.5,9
891,15207,Bar,Yesterday's Bar & Grill,3.5,9
892,15207,Bar,Hough's,4.0,182
893,15207,Bar,Zano's Pub House,5.0,1
894,15207,Grocery,Dylamato's Market,5.0,6
895,15207,Grocery,Giant Eagle,2.5,20
896,15208,American,7 Senses,4.5,3
897,15208,American,Whitfield's Restaurant,3.0,1
898,15208,Indian,East End Food Co-Op,4.5,108
899,15208,Bar,Evergreen Cafe,4.5,5
900,15208,Bar,Galaxy Lounge & Entertainment Center,4.5,6
901,15208,Grocery,Frick Park Market,4.5,22
902,15208,Grocery,East End Food Co-Op,4.5,108
903,15209,American,Hardee's,4.0,22
904,15209,American,Barking Shark Bar & Grill,2.5,3
905,15209,American,Around the Corner Bar and Grill,4.0,2
906,15209,American,Bar 3 Millvale,4.0,38
907,15209,American,Grant Bar,4.0,42
908,15209,American,Sidelines Bar & Grill,4.0,85
909,15209,American,Millvale Diner,3.5,52
910,15209,American,Strange Roots Experimental Ales,4.0,83
911,15209,Bar,Good Time Bar,3.5,3
912,15209,Bar,Bar 3 Millvale,4.0,38
913,15209,Bar,Around the Corner Bar and Grill,4.0,2
914,15209,Bar,Cousins Lounge,4.5,4
915,15209,Bar,Sidelines Bar & Grill,4.0,85
916,15209,Bar,Double L,4.0,10
917,15209,Bar,Grant Bar,4.0,42
918,15209,Bar,Barking Shark Bar & Grill,2.5,3
919,15209,Bar,Smokey's Tavern,4.0,4
920,15209,Bar,Mr Smalls Fun House,4.0,65
921,15209,Bar,Midtown Tavern,4.0,3
922,15209,Grocery,Ed & Mark's Shop'n Save,3.0,4
923,15209,Grocery,Yetter's Candy,4.5,6
924,15210,American,Breakfast At Shelly's,3.5,27
925,15210,American,Mike's Lunch,2.0,1
926,15210,American,Ferris Wheel,2.0,2
927,15210,American,Frank & Shirley's,3.5,31
928,15210,Asian,Onion Maiden,4.5,106
929,15210,Indian,Nepali Asian Restaurant,5.0,10
930,15210,Bar,Double Door Saloon,2.5,2
931,15210,Grocery,Shop 'n Save,3.5,11
932,15210,Grocery,Black Market Deli,5.0,1
933,15211,American,The Summit,4.5,132
934,15211,American,Bigham Tavern,4.0,248
935,15211,American,Vue 412,4.0,327
936,15211,American,Altius,4.5,494
937,15211,American,Coughlin's Law Kitchen and Ale House,3.5,86
938,15211,American,Shiloh Grill,4.0,334
939,15211,American,Micro Diner,4.0,158
940,15211,Bar,Bigham Tavern,4.0,248
941,15211,Bar,The Summit,4.5,132
942,15211,Bar,Shiloh Grill,4.0,334
943,15211,Bar,Cafe Nikos,4.0,12
944,15211,Bar,Altius,4.5,494
945,15211,Bar,Sloppy Joe's,3.5,12
946,15211,Bar,Redbeard's Sports Bar & Grill,3.5,118
947,15211,Bar,Le Mont,3.5,185
948,15211,Bar,Satalio's Inc,4.5,5
949,15211,Grocery,SHOP 'n SAVE,2.0,16
950,15211,Grocery,Cogo's,1.0,2
951,15212,American,Siempre Algo,5.0,10
952,15212,American,Federal Galley,4.0,163
953,15212,American,Brugge On North,4.0,30
954,15212,American,Flipt,3.0,4
955,15212,American,Supper,4.5,2
956,15212,American,Mattress Factory Cafe,4.5,16
957,15212,American,Clark Bar & Grill,3.5,15
958,15212,American,The Park House,4.0,72
959,15212,American,Pittsburgh Restaurant Week,4.5,3
960,15212,American,Lexus Club at PNC Park,4.0,27
961,15212,American,Nana's Hot Dog Shop,4.0,10
962,15212,American,Little Red Corvette,3.5,7
963,15212,American,Mullin's Diner,3.5,26
964,15212,American,Local Brewhouse,2.5,92
965,15212,American,Mt Troy Inn,4.0,5
966,15212,Asian,Subba,4.0,141
967,15212,Latin,El Burro,4.0,197
968,15212,Bar,Siempre Algo,5.0,10
969,15212,Bar,Beerhead Bar,4.0,126
970,15212,Bar,Monterey Pub,4.5,91
971,15212,Bar,Monks Bar,4.5,3
972,15212,Bar,The Park House,4.0,72
973,15212,Bar,BURN By Rocky Patel,4.0,25
974,15212,Bar,Verdetto's Bar & Restaurant,4.0,7
975,15212,Bar,Max's Allegheny Tavern,4.0,220
976,15212,Bar,Tequila Cowboy Bar & Grill,3.0,101
977,15212,Bar,Wigle Whiskey Barrelhouse and Whiskey Garden,4.5,23
978,15212,Bar,YMR Club,5.0,1
979,15212,Bar,Clark Bar & Grill,3.5,15
980,15212,Bar,Huszar,4.5,50
981,15212,Bar,Bar Louie,3.0,149
982,15212,Bar,Local Brewhouse,2.5,92
983,15212,Bar,The Foundry Table & Tap,3.5,145
984,15212,Bar,Burgatory,4.0,267
985,15212,Bar,Rumerz Sports Bar & Grill,4.5,6
986,15212,Bar,Krista's Cantina,4.5,18
987,15212,Grocery,Giant Eagle,2.0,30
988,15212,Grocery,Kuhn's Market,3.5,6
989,15212,Grocery,City Fresh Pasta,4.5,23
990,15212,Grocery,The Isaly Company,3.0,6
991,15213,American,Union Grill,4.0,349
992,15213,American,Butterjoint,4.0,183
993,15213,American,Thirsty Scholar Bar & Grille,3.5,15
994,15213,American,The Great American Grill,3.0,5
995,15213,American,Panther House Bar & Grill,4.5,4
996,15213,American,Fuel & Fuddle,3.5,302
997,15213,American,Fossil Fuels Café,3.5,3
998,15213,American,Beta Bites,4.0,76
999,15213,American,The Porch at Schenley,3.5,585
1000,15213,American,Stack'd Burgers & Beer - Oakland,3.5,107
1001,15213,American,Chicken Grille,3.5,21
1002,15213,American,Legume,4.5,374
1003,15213,American,Hemingway's Cafe,3.5,119
1004,15213,American,KBOX Karaoke House,4.0,25
1005,15213,American,The Underground,3.5,3
1006,15213,American,Pie For Breakfast,4.0,71
1007,15213,American,LHAS Café on Seventh,3.0,2
1008,15213,American,Primanti Bros,3.5,294
1009,15213,Asian,Spice Island Tea House,4.0,321
1010,15213,Asian,Oishii Bento,4.0,273
1011,15213,Asian,Zen's Noodle House,3.5,79
1012,15213,Asian,Mount Everest Sushi,4.5,168
1013,15213,Asian,Top Shabu-Shabu & Lounge,3.5,94
1014,15213,Asian,Hunan Bar,4.0,62
1015,15213,Asian,Sichuan Gourmet,4.0,139
1016,15213,Asian,Lulu's Noodles,3.0,394
1017,15213,Asian,Little Asia,3.0,121
1018,15213,Asian,Tong's Cuisine,3.5,45
1019,15213,Asian,Asia Tea House,3.0,50
1020,15213,Asian,Chick'n Bubbly,4.0,131
1021,15213,Asian,Chicken Grille,3.5,21
1022,15213,Asian,Love Yogurt,4.0,47
1023,15213,Asian,Sushi Fuku,4.0,161
1024,15213,Asian,Rose Tea Cafe,2.5,72
1025,15213,Asian,Noodles & Company,3.0,72
1026,15213,Asian,Szechuan Express,3.0,70
1027,15213,Latin,Las Palmas,4.5,202
1028,15213,Indian,Tamarind,4.0,231
1029,15213,Indian,Bangal Kabab House and Restaurant,4.0,142
1030,15213,Indian,All India,4.0,171
1031,15213,Indian,India on Wheels,4.0,46
1032,15213,Indian,Chakh Le India,4.0,20
1033,15213,Indian,Prince of India,3.0,105
1034,15213,Indian,Yuva India Kitchen + Bar,3.0,121
1035,15213,Indian,Sree's Foods,3.5,9
1036,15213,Bar,Thirsty Scholar Bar & Grille,3.5,15
1037,15213,Bar,Panther House Bar & Grill,4.5,4
1038,15213,Bar,Butterjoint,4.0,183
1039,15213,Bar,Hemingway's Cafe,3.5,119
1040,15213,Bar,Chief's Cafe,4.5,8
1041,15213,Bar,Gene's Place,4.0,26
1042,15213,Bar,Fuel & Fuddle,3.5,302
1043,15213,Bar,Garage Door Saloon,3.0,34
1044,15213,Bar,Bootleggers,3.5,17
1045,15213,Bar,Stack'd Burgers & Beer - Oakland,3.5,107
1046,15213,Bar,KBOX Karaoke House,4.0,25
1047,15213,Bar,Logan's Pub,3.0,6
1048,15213,Grocery,Groceria Merante,5.0,29
1049,15213,Grocery,Seoul Mart,2.5,25
1050,15213,Grocery,Bombay Food Market,3.5,28
1051,15213,Grocery,Frenchi's Deli & Market,4.0,5
1052,15213,Grocery,Kohli's Indian Imports,3.5,15
1053,15213,Grocery,CVS Pharmacy,3.0,15
1054,15213,Grocery,Salim's Middle Eastern Food Store,4.5,52
1055,15213,Grocery,Sultan Bey,4.0,2
1056,15213,Grocery,Eat Unique,3.5,141
1057,15213,Grocery,Kevin's Deli,4.5,44
1058,15213,Grocery,GetGo from Giant Eagle,2.5,36
1059,15214,Latin,Byzantine Catholic Seminary,5.0,1
1060,15215,American,Caliente Pizza & Drafthouse,2.5,20
1061,15215,American,Tavern In The Wall,3.5,28
1062,15215,American,Sharpsburg Borough of,4.0,1
1063,15215,American,Luke and Mike's Frontporch,3.5,46
1064,15215,American,Jimmy G's,1.0,1
1065,15215,American,Cornerstone Restaurant & Bar,3.5,124
1066,15215,American,Silky's Crows Nest,2.0,36
1067,15215,Indian,Spice Affair,4.5,82
1068,15215,Bar,Tom and Tuds,5.0,2
1069,15215,Bar,Pug's Tavern,4.0,2
1070,15215,Bar,Tavern In The Wall,3.5,28
1071,15215,Bar,Silky's Crows Nest,2.0,36
1072,15215,Bar,Krazy Karen's,2.5,2
1073,15215,Bar,Caliente Pizza & Drafthouse,2.5,20
1074,15215,Grocery,Labriola's Italian Market,4.0,10
1075,15215,Grocery,Feast On Brilliant,4.5,8
1076,15215,Grocery,Patty's Farm Market,3.5,14
1077,15215,Grocery,Cogo's,4.0,2
1078,15216,American,Coach's Bottleshop & Grille,3.5,43
1079,15216,American,Jamison's On West Liberty,4.5,34
1080,15216,American,Atria's Restaurant,3.5,89
1081,15216,American,Apple Inn,3.5,16
1082,15216,American,Eat'n Park,3.5,33
1083,15216,American,Needle and Pin,4.0,139
1084,15216,American,Gaetano's Restaurant,2.0,3
1085,15216,American,The Huddle,4.0,28
1086,15216,American,Slapshots,2.0,8
1087,15216,American,The Dor-Stop Restaurant,4.0,405
1088,15216,American,Joe & Pie Cafe Pizzeria,3.0,22
1089,15216,American,Tom's Diner,3.5,68
1090,15216,American,Jose' and Tony's Mexican Restaurant,2.5,42
1091,15216,American,Cain's Local Bar + Kitchen,3.0,172
1092,15216,American,Cafe io,4.0,106
1093,15216,Asian,Thai Spoon,4.0,119
1094,15216,Asian,Amazing Wok,4.0,50
1095,15216,Asian,My Thai,4.0,89
1096,15216,Asian,Mekong Restaurant,3.5,65
1097,15216,Asian,Green Garden,2.5,22
1098,15216,Asian,Katana,3.0,138
1099,15216,Latin,Pabellon,4.5,17
1100,15216,Latin,Mexi-Casa,3.0,75
1101,15216,Indian,The Mintt,3.5,123
1102,15216,Indian,Kabab N Curry,4.0,11
1103,15216,Bar,R Bar,4.5,6
1104,15216,Bar,Jamison's On West Liberty,4.5,34
1105,15216,Bar,Albert's Lounge,4.0,13
1106,15216,Bar,Needle and Pin,4.0,139
1107,15216,Bar,Breaker's,4.0,5
1108,15216,Bar,Coach's Bottleshop & Grille,3.5,43
1109,15216,Bar,The Huddle,4.0,28
1110,15216,Bar,Apple Inn,3.5,16
1111,15216,Bar,Slapshots,2.0,8
1112,15216,Bar,Hollywood Lanes,4.0,24
1113,15216,Bar,Vasta Lounge,3.5,4
1114,15216,Bar,Señor Frogs,2.5,14
1115,15216,Bar,Bado's Pizza Grill & Ale House,3.5,139
1116,15216,Bar,Jose' and Tony's Mexican Restaurant,2.5,42
1117,15216,Grocery,Kuhn's Market,3.5,26
1118,15216,Grocery,People's Food Mart,2.5,3
1119,15216,Grocery,Jmart International Market,5.0,4
1120,15216,Grocery,Market On Broadway IGA,4.0,13
1121,15216,Grocery,Rocchio's Italian Deli,4.5,3
1122,15216,Grocery,Kohli's Indian Emporium,4.0,1
1123,15216,Grocery,Cogo's,3.5,5
1124,15216,Grocery,Fredos Deli,4.0,26
1125,15217,American,The Warehouse Pub & Grub,4.0,2
1126,15217,American,Murray Avenue Grill,3.5,132
1127,15217,American,Independent Brewing Company,4.0,137
1128,15217,American,Drift Hookah Lounge,5.0,16
1129,15217,American,Squirrel Hill Cafe,4.0,92
1130,15217,American,NU Jewish Bistro,4.0,104
1131,15217,American,Bruegger's Bagels,3.0,17
1132,15217,American,Aladdin's Eatery,4.0,171
1133,15217,American,Pamela's Upstreet Diner,4.0,172
1134,15217,American,Eat'n Park,3.0,86
1135,15217,American,Aiello's Pizza,4.0,209
1136,15217,Asian,Taiwanese Bistro Cafe 33,4.5,206
1137,15217,Asian,Everyday Noodles,4.0,598
1138,15217,Asian,Tan Lac Vien,3.5,206
1139,15217,Asian,Sichuan Gourmet,3.5,259
1140,15217,Asian,How Lee Chinese Food,4.0,236
1141,15217,Asian,Thai & Noodle Outlet,3.5,67
1142,15217,Asian,Chengdu Gourmet,3.5,122
1143,15217,Asian,Sumi's Cakery,4.5,74
1144,15217,Asian,Ka Mei,3.5,83
1145,15217,Asian,Rose Tea Cafe,3.5,330
1146,15217,Asian,Ramen Bar,3.5,286
1147,15217,Asian,Chaya Japanese Cuisine,3.5,213
1148,15217,Asian,Té Café,4.5,110
1149,15217,Asian,Sun Penang,3.0,155
1150,15217,Asian,Curry on Murray,4.0,132
1151,15217,Asian,New Dumpling And Sushi House,3.5,77
1152,15217,Asian,Sakura Teppanyaki & Sushi,3.0,113
1153,15217,Asian,Green Pepper,3.5,149
1154,15217,Asian,Silk Elephant,3.5,216
1155,15217,Asian,Hokkaido Seafood Buffet,3.5,220
1156,15217,Asian,Bangkok Balcony,3.5,183
1157,15217,Indian,Coriander India Grill,3.0,142
1158,15217,Bar,Independent Brewing Company,4.0,137
1159,15217,Bar,Hidden Harbor,4.5,145
1160,15217,Bar,Squirrel Hill Sports Bar,3.5,10
1161,15217,Bar,The Warehouse Pub & Grub,4.0,2
1162,15217,Bar,Squirrel Hill Cafe,4.0,92
1163,15217,Bar,Drift Hookah Lounge,5.0,16
1164,15217,Bar,Eighteen,4.5,4
1165,15217,Bar,J Gough's Tavern,4.5,22
1166,15217,Bar,Aiello's Pizza,4.0,209
1167,15217,Bar,Hi Sound Karaoke,4.0,2
1168,15217,Bar,Green Pepper,3.5,149
1169,15217,Grocery,Young's Oriental Grocery Store,3.5,16
1170,15217,Grocery,Giant Eagle,2.0,46
1171,15217,Grocery,Panda Supermarket,4.5,8
1172,15217,Grocery,Food Shoppe,4.5,16
1173,15217,Grocery,Murray Avenue Kosher Inc,3.5,11
1174,15217,Grocery,Nataliya European Food,5.0,4
1175,15217,Grocery,Kiev,4.0,6
1176,15217,Grocery,One Stop Mini Mart,3.5,4
1177,15217,Grocery,Save-Mor Beer & Pop Warehouse,4.0,10
1178,15218,American,GoodFellas Restaurant & Tavern,4.0,17
1179,15218,American,Joe & Pie Cafe Pizzeria,3.5,35
1180,15218,American,Pub In The Park,4.5,16
1181,15218,American,T's Restaurant & Lounge,4.0,3
1182,15218,American,Triangle Bar & Grill,4.5,96
1183,15218,American,Applebee's Grill + Bar,2.5,26
1184,15218,American,Eat'n Park,2.0,7
1185,15218,American,Square Cafe,4.0,464
1186,15218,American,D's Six Pax & Dogz,4.5,354
1187,15218,American,Ease Modern Comfort Cuisine,3.5,68
1188,15218,Asian,Thai Terrace,4.5,22
1189,15218,Asian,Thai Cottage,4.0,95
1190,15218,Bar,Pub In The Park,4.5,16
1191,15218,Bar,GoodFellas Restaurant & Tavern,4.0,17
1192,15218,Bar,The Loft,3.5,12
1193,15218,Bar,Triangle Bar & Grill,4.5,96
1194,15218,Bar,D's Six Pax & Dogz,4.5,354
1195,15218,Bar,The Map Room Grill & Bar,3.5,33
1196,15218,Bar,Murphy's Tap Room,3.5,13
1197,15218,Bar,Applebee's Grill + Bar,2.5,26
1198,15218,Bar,Murrays Cafe,3.0,3
1199,15218,Bar,T's Restaurant & Lounge,4.0,3
1200,15218,Grocery,Giant Eagle,2.0,21
1201,15218,Grocery,Cogo's,3.0,1
1202,15219,American,Eliza A Hot Metal Bistro,4.0,20
1203,15219,American,Union Standard,4.0,141
1204,15219,American,The Commoner,4.0,547
1205,15219,American,Souper Bowl,3.5,38
1206,15219,American,Rivers Club,4.0,15
1207,15219,American,Buford's Kitchen,2.5,91
1208,15219,American,Mr D's  Chicken & Fish,5.0,1
1209,15219,American,"Or, The Whale",4.0,208
1210,15219,American,Au Bon Pain,5.0,1
1211,15219,American,TGI Fridays,2.5,43
1212,15219,American,Primanti Bros,3.0,4
1213,15219,American,Grant Street Tavern,3.5,7
1214,15219,American,Palm Court,3.5,3
1215,15219,American,Nicky's Grant Street,4.0,5
1216,15219,American,Eddie V's Prime Seafood,4.5,142
1217,15219,Asian,Chinatown Inn,4.0,140
1218,15219,Asian,Sushi & Rolls,4.5,39
1219,15219,Asian,China Wok,3.5,34
1220,15219,Asian,Kiku Japanese Restaurant,4.0,112
1221,15219,Latin,Bombay Arepa Grill,4.0,1
1222,15219,Latin,Texas de Brazil,4.0,239
1223,15219,Indian,Bombay Arepa Grill,4.0,1
1224,15219,Indian,Billu's Indian Grill On Wheels,3.5,4
1225,15219,Bar,Shale's Cafe,4.0,15
1226,15219,Bar,Speakeasy,3.5,83
1227,15219,Bar,Souper Bowl,3.5,38
1228,15219,Bar,The Commoner,4.0,547
1229,15219,Bar,Wigle Whiskey Tasting Room and Bottle Shop,5.0,22
1230,15219,Bar,Biergarten,3.5,57
1231,15219,Bar,Grant Street Tavern,3.5,7
1232,15219,Bar,Buford's Kitchen,2.5,91
1233,15219,Bar,Terrace on Fifth,2.0,9
1234,15219,Bar,Union Standard,4.0,141
1235,15219,Bar,The Red Ring Bar & Grille,3.0,47
1236,15219,Bar,Blend Bar with Davidoff Cigars,4.0,25
1237,15219,Grocery,Shop N Save,2.5,5
1238,15219,Grocery,Merante Brothers Italian American Market,5.0,2
1239,15220,American,Aracri's Greentree Inn,3.5,24
1240,15220,American,Lorenz Cafe,5.0,4
1241,15220,American,Crafton Ice Cream Delite,4.5,3
1242,15220,American,Boston Market,3.5,12
1243,15220,American,Bella Monte Pizza,4.0,15
1244,15220,American,Johnny's Diner,4.0,22
1245,15220,American,Applebee's Grill + Bar,3.0,29
1246,15220,American,Denny's,3.5,32
1247,15220,Asian,Red Tea House,4.0,64
1248,15220,Asian,Osaka Sushi & Chinese Restaurant,3.5,59
1249,15220,Latin,Mad Mex - South Hills,3.0,125
1250,15220,Indian,Tamarind Savoring India,4.0,157
1251,15220,Bar,Obey House Tavern,4.5,12
1252,15220,Bar,Lorenz Cafe,5.0,4
1253,15220,Grocery,Giant Eagle,2.5,11
1254,15220,Grocery,Giant Eagle,3.0,11
1255,15220,Grocery,Shanthi Supermarket,3.5,4
1256,15221,American,Steel Towne Inn,4.5,3
1257,15221,American,TJ's Pub,3.0,1
1258,15221,American,Drew's Family Restaurant,4.0,83
1259,15221,Asian,Hunan's Palace,4.0,31
1260,15221,Bar,Steel Towne Inn,4.5,3
1261,15221,Bar,TJ's Pub,3.0,1
1262,15221,Bar,Howard's Park Place Pub,4.5,4
1263,15221,Grocery,Aldi,4.5,11
1264,15221,Grocery,Hanini's Market,4.5,10
1265,15221,Grocery,Save A Lot,4.0,5
1266,15221,Grocery,Giant Eagle,2.5,8
1267,15221,Grocery,A & M Market,4.5,2
1268,15222,American,The Pennsylvania Market,3.5,7
1269,15222,American,Butcher and the Rye,4.5,815
1270,15222,American,Forbes Tavern,4.5,29
1271,15222,American,Proper Brick Oven & Tap Room,4.5,570
1272,15222,American,Eleven,4.0,639
1273,15222,American,Elevation Restaurant,3.5,20
1274,15222,American,Harris Grill,3.5,63
1275,15222,American,Braddock's Pittsburgh Brasserie,3.5,163
1276,15222,American,Smallman Galley,4.5,478
1277,15222,American,August Henry's Burger Bar,3.5,144
1278,15222,American,Bakersfield,4.5,656
1279,15222,American,Floor 2,4.0,89
1280,15222,American,Peppi's,4.0,81
1281,15222,American,Meat & Potatoes,4.0,1759
1282,15222,American,The Garden Cafe,5.0,6
1283,15222,American,Penn Cove Eatery,4.0,4
1284,15222,American,Preeti's PiTT,4.0,5
1285,15222,American,Saloon on the Strip,5.0,1
1286,15222,American,Mezzo,3.5,77
1287,15222,American,BRGR,4.0,33
1288,15222,American,Bill's Bar & Burger,3.0,183
1289,15222,American,Ten Penny,3.0,477
1290,15222,American,City Works - Pittsburgh,3.0,238
1291,15222,Asian,Bae Bae's Kitchen,4.5,205
1292,15222,Asian,Nicky's Thai Kitchen,4.0,619
1293,15222,Asian,Yuzu Kitchen,4.0,92
1294,15222,Asian,Little Bangkok In the Strip,4.0,130
1295,15222,Asian,Social House Seven,3.5,256
1296,15222,Asian,Pittsburgh Poke,4.5,110
1297,15222,Asian,No. 1 Sushi Sushi,4.5,107
1298,15222,Asian,The Warren Bar and Burrow,4.5,54
1299,15222,Asian,Maiku Sushi,3.5,170
1300,15222,Asian,Banhmilicious,3.5,23
1301,15222,Asian,Sushi Kim Restaurant,3.5,138
1302,15222,Asian,Noodles & Company,3.0,84
1303,15222,Asian,Pho Van,3.5,204
1304,15222,Asian,Mandarin Gourmet,3.0,57
1305,15222,Latin,Chicken Latino,4.0,184
1306,15222,Latin,Gaucho Parrilla Argentina,4.5,1626
1307,15222,Latin,Colonia,3.5,4
1308,15222,Latin,Kaya,4.0,634
1309,15222,Latin,täkō,4.5,1135
1310,15222,Latin,Reyna Foods,4.0,100
1311,15222,Latin,Bea Taco Town,4.5,24
1312,15222,Latin,Sabroso Mexican Delights,4.5,7
1313,15222,Latin,Pirata,4.0,215
1314,15222,Latin,Bakersfield,4.5,656
1315,15222,Latin,Bea Taco Town,4.0,102
1316,15222,Latin,Edgar's Best Tacos,5.0,70
1317,15222,Latin,Las Velas,3.5,239
1318,15222,Latin,Fogo de Chão Brazilian Steakhouse,4.0,79
1319,15222,Latin,Casa Reyna,3.5,248
1320,15222,Indian,Indian Spices,3.5,64
1321,15222,Indian,India Palace Cuisine,3.5,45
1322,15222,Indian,Sree's Foods,4.0,55
1323,15222,Indian,Mezbaan Indian Cuisine,3.0,32
1324,15222,Indian,Bombay 7 Spice,1.0,1
1325,15222,Bar,The Warren Bar and Burrow,4.5,54
1326,15222,Bar,Seven,3.5,23
1327,15222,Bar,El Layali Hookah,5.0,5
1328,15222,Bar,Zombie Den: Bar Of The Dead,4.5,5
1329,15222,Bar,East End Brewing Taproom,4.5,43
1330,15222,Bar,Forbes Tavern,4.5,29
1331,15222,Bar,Lefty's,4.5,29
1332,15222,Bar,Butcher and the Rye,4.5,815
1333,15222,Bar,Bakersfield,4.5,656
1334,15222,Bar,The Pennsylvania Market,3.5,7
1335,15222,Bar,Il Tetto:  A Rooftop Beer Garden,3.0,77
1336,15222,Bar,Smallman Galley,4.5,478
1337,15222,Bar,Proper Brick Oven & Tap Room,4.5,570
1338,15222,Bar,Winghart's Burger & Whiskey Bar,4.0,511
1339,15222,Bar,The Backstage Bar,3.5,25
1340,15222,Bar,Sienna Mercato,4.0,753
1341,15222,Bar,941 Saloon,2.5,23
1342,15222,Bar,The Yard,3.5,271
1343,15222,Bar,Colony Café,4.5,80
1344,15222,Bar,The BeerHive,3.5,112
1345,15222,Bar,Floor 2,4.0,89
1346,15222,Bar,Cavo Nightclub,3.5,65
1347,15222,Bar,Real Luck Cafe,3.0,24
1348,15222,Bar,Howl at the Moon Pittsburgh,3.0,65
1349,15222,Grocery,Market St Grocery,4.0,57
1350,15222,Grocery,Market Outlet,4.5,16
1351,15222,Grocery,Market Square,4.0,56
1352,15222,Grocery,Lotus Food,4.0,93
1353,15222,Grocery,Pennsylvania Macaroni Co,4.5,181
1354,15222,Grocery,Robert Wholey and Co Fish Market,4.0,219
1355,15222,Grocery,Labad's,4.5,25
1356,15222,Grocery,Stamoolis Brothers Company,4.0,30
1357,15222,Grocery,Reyna Foods,4.0,100
1358,15222,Grocery,New Sambok Oriental Foods,4.0,21
1359,15222,Grocery,Prestogeorge Coffee & Tea,4.5,71
1360,15222,Grocery,Strip District Meats,4.0,26
1361,15222,Grocery,The Olive Tap,4.5,17
1362,15222,Grocery,WFH Oriental Food Market,4.0,5
1363,15222,Grocery,S&D Polish Deli,4.5,196
1364,15222,Grocery,Penzeys Spices,4.5,67
1365,15223,American,Seasons Restaurant,4.5,6
1366,15223,American,E Town Bar and Grille,4.5,38
1367,15223,American,Cop Out Pierogies,5.0,73
1368,15223,American,Burger King,1.5,3
1369,15223,American,Eat'n Park,3.0,14
1370,15223,Asian,Hong Kong Taste,2.5,17
1371,15223,Asian,China Garden,3.0,10
1372,15223,Bar,Huntz's Tavern,3.5,2
1373,15223,Bar,Porky's Plain Old Bar,3.0,6
1374,15223,Bar,The Blue Goose Saloon,4.0,9
1375,15223,Bar,Alioto's,3.0,39
1376,15223,Bar,Big Mikes,2.0,4
1377,15223,Bar,Fodi Bros,2.0,1
1378,15223,Grocery,Aldi,4.5,5
1379,15223,Grocery,Shop N'save,4.0,3
1380,15223,Grocery,Get Go Fuel Station,3.0,2
1381,15224,American,Station,4.0,188
1382,15224,American,Tessaro's,4.0,383
1383,15224,American,Lot 17,4.0,115
1384,15224,American,Azorean Cafe,4.5,38
1385,15224,American,Sausalido,4.0,159
1386,15224,American,Soju,4.5,54
1387,15224,American,Nico's Recovery Room,3.5,32
1388,15224,American,Rocky's,3.0,16
1389,15224,American,GM Dog N' Burger Shoope,3.5,10
1390,15224,American,Pleasure Bar and Restaurant,3.0,83
1391,15224,American,Silky's Pub,3.5,73
1392,15224,American,Caffe Mona La Bistro,4.0,234
1393,15224,American,Apteka,4.5,243
1394,15224,American,Boston Market,3.5,22
1395,15224,Asian,Soju,4.5,54
1396,15224,Asian,China House,4.0,39
1397,15224,Asian,Tram's Kitchen,4.0,299
1398,15224,Asian,Ginza,4.0,137
1399,15224,Asian,Pho Minh,4.0,106
1400,15224,Asian,Pad Thai Noodle,4.0,19
1401,15224,Asian,Thai Gourmet,4.5,171
1402,15224,Asian,Wai Wai Chinese Cuisine,3.5,125
1403,15224,Asian,Thai Cuisine,4.0,234
1404,15224,Asian,Moonlight Express,1.0,1
1405,15224,Latin,Los Cabos Mexican Restaurant,3.5,126
1406,15224,Indian,Taste of India,4.0,116
1407,15224,Indian,People's Indian Restaurant,4.0,112
1408,15224,Bar,Mixtape,4.5,52
1409,15224,Bar,Froggy's Bar,4.5,5
1410,15224,Bar,Station,4.0,188
1411,15224,Bar,Soju,4.5,54
1412,15224,Bar,Tina's,5.0,7
1413,15224,Bar,Lot 17,4.0,115
1414,15224,Bar,Lou's Little Corner Bar,4.0,14
1415,15224,Bar,Condrins Tavern,5.0,1
1416,15224,Bar,Sonny's Tavern,4.0,17
1417,15224,Bar,Sugar and Smoke,3.5,40
1418,15224,Bar,Apteka,4.5,243
1419,15224,Bar,Silky's Pub,3.5,73
1420,15224,Bar,Nico's Recovery Room,3.5,32
1421,15224,Bar,Howlers,3.5,26
1422,15224,Bar,Armand's Bar,3.5,23
1423,15224,Bar,Brillobox,3.5,157
1424,15224,Bar,Pleasure Bar and Restaurant,3.0,83
1425,15224,Bar,Caliente Pizza & Drafthouse,3.0,262
1426,15224,Grocery,Linea Verde Green Market,5.0,12
1427,15224,Grocery,Bloomfield ShurSave,3.5,32
1428,15224,Grocery,Aldi,4.5,9
1429,15224,Grocery,Donatelli's Italian Food Center,3.5,34
1430,15224,Grocery,Bloomfield Saturday Market,4.5,10
1431,15224,Grocery,Chantal's Cheese Shop,5.0,8
1432,15225,American,Carmody's Grille,4.0,54
1433,15225,American,Kings,2.5,15
1434,15225,Bar,Paradise Island Bowl and Beach,3.5,28
1435,15226,American,Parker's PGH,4.5,69
1436,15226,American,Brookline Pub,3.0,26
1437,15226,American,Boulevard Lounge,4.0,4
1438,15226,American,Brookline Deli,4.5,2
1439,15226,American,Eggheads,2.0,3
1440,15226,American,The Getaway Cafe,3.0,51
1441,15226,American,Slick's Bar & Grill,5.0,1
1442,15226,American,Wendy's,2.0,16
1443,15226,Latin,Las Palmas Carniceria,4.5,213
1444,15226,Bar,Brookline Pub,3.0,26
1445,15226,Bar,Boulevard Lounge,4.0,4
1446,15226,Bar,Eggheads,2.0,3
1447,15226,Bar,Brook Line and Sinker,2.0,2
1448,15226,Bar,Slick's Bar & Grill,5.0,1
1449,15226,Bar,The Getaway Cafe,3.0,51
1450,15226,Grocery,ALDI,3.5,13
1451,15227,American,Gary's Restaurant,4.5,13
1452,15227,American,The Crack'd Egg,4.0,94
1453,15227,American,The Backdraft Bar & Grille,3.5,16
1454,15227,American,Burger King,3.5,8
1455,15227,American,Milestone,3.5,2
1456,15227,American,JT's Restaurant,4.0,29
1457,15227,Indian,Namaste India,1.0,1
1458,15227,Bar,Gorman's Pub,3.5,4
1459,15227,Bar,The Backdraft Bar & Grille,3.5,16
1460,15227,Bar,Character's Lounge,5.0,1
1461,15227,Bar,Tower 29,5.0,1
1462,15227,Grocery,Giant Eagle,3.5,17
1463,15227,Grocery,Fine Wine & Good Spirits,4.5,2
1464,15227,Grocery,Carrick Pharmacy,5.0,3
1465,15227,Grocery,Express Mini Market,4.5,2
1466,15227,Grocery,Cogo's,3.0,9
1467,15227,Grocery,Dollar General,1.0,1
1468,15228,American,Bistro 19,4.0,164
1469,15228,American,Luma Restaurant,3.5,78
1470,15228,American,The Yard,3.5,78
1471,15228,American,Hitchhiker Brewing Company,4.0,79
1472,15228,American,La Gourmandine Bakery & Pastry Shop,4.5,62
1473,15228,American,Houlihan's Mt. Lebanon,3.5,67
1474,15228,American,Primanti Bros,3.5,127
1475,15228,American,Totopo Mexican Kitchen and Bar,4.5,301
1476,15228,Asian,Jade Grille,4.0,180
1477,15228,Asian,Thai Touch Kitchen,4.0,56
1478,15228,Asian,Sesame Inn Chinese Restaurant,3.5,76
1479,15228,Asian,Little Tokyo,4.0,168
1480,15228,Asian,Sawasdee Thai & Sushi,4.0,52
1481,15228,Latin,Totopo Mexican Kitchen and Bar,4.5,301
1482,15228,Bar,The Korner Pub,4.5,13
1483,15228,Bar,The Saloon of Mt Lebanon,3.5,60
1484,15228,Bar,The Yard,3.5,78
1485,15228,Bar,Totopo Mexican Kitchen and Bar,4.5,301
1486,15228,Bar,Primanti Bros,3.5,127
1487,15228,Bar,Puffs n Stuff,3.0,12
1488,15228,Bar,Houlihan's Mt. Lebanon,3.5,67
1489,15228,Grocery,The Fresh Market,3.5,52
1490,15228,Grocery,Mt Lebanon Farmers Market,2.5,2
1491,15228,Grocery,Eden's Market,3.5,5
1492,15229,American,Bella Ria's,4.5,47
1493,15229,American,Howard's Tavern,4.5,3
1494,15229,Asian,Royal Myanmar,4.5,107
1495,15229,Asian,Yeung's House,4.5,59
1496,15229,Bar,The Grotto Bar & Grille,4.0,7
1497,15229,Bar,Highland Bar,3.0,10
1498,15229,Bar,Wiegand's Cafe,3.0,5
1499,15229,Bar,Howard's Tavern,4.5,3
1500,15229,Bar,Drinks,4.0,1
1501,15229,Grocery,Giant Eagle Supermarket,3.0,9
1502,15229,Grocery,Shop N Save,3.5,5
1503,15232,American,Acorn Pittsburgh,4.5,74
1504,15232,American,Tipsy Cow,3.5,71
1505,15232,American,Shady Grove,3.5,235
1506,15232,American,The Yard Gastropub,3.5,288
1507,15232,American,Pasha Cafe Lounge,4.5,98
1508,15232,American,Stack'd Burgers - Shadyside,4.0,156
1509,15232,American,Harris Grill,3.5,342
1510,15232,American,5801 Video Lounge and Café,3.5,75
1511,15232,American,William Penn Tavern,3.5,93
1512,15232,American,Cafe Moulin,4.0,219
1513,15232,American,Cappy's Cafe,3.5,67
1514,15232,American,Bruegger's Bagels,3.0,31
1515,15232,American,Le Mardi Gras,4.0,57
1516,15232,American,P&G's Pamela's Diner,4.0,280
1517,15232,Asian,Soba,4.0,310
1518,15232,Asian,Senyai Thai Kitchen,4.5,147
1519,15232,Asian,Nak Won Garden,3.5,111
1520,15232,Asian,I Tea Cafe,3.0,80
1521,15232,Asian,Fujiya Ramen,4.0,63
1522,15232,Asian,Umi,4.0,136
1523,15232,Asian,China Palace,3.0,113
1524,15232,Asian,Sushi Too,3.0,132
1525,15232,Latin,La Feria,4.0,99
1526,15232,Bar,Le Mardi Gras,4.0,57
1527,15232,Bar,William Penn Tavern,3.5,93
1528,15232,Bar,Tipsy Cow,3.5,71
1529,15232,Bar,The Yard Gastropub,3.5,288
1530,15232,Bar,Mario's East Side Saloon,3.0,87
1531,15232,Bar,Harris Grill,3.5,342
1532,15232,Bar,Stack'd Burgers - Shadyside,4.0,156
1533,15232,Bar,Cappy's Cafe,3.5,67
1534,15232,Bar,5801 Video Lounge and Café,3.5,75
1535,15232,Bar,Element,3.5,22
1536,15232,Bar,The Loft Hookah Cafe & Vape Shop,4.5,4
1537,15232,Grocery,Giant Eagle Market District,3.0,104
1538,15232,Grocery,Shadyside Market & Deli,4.0,12
1539,15232,Grocery,Tokyo Japanese Food Store,4.5,38
1540,15232,Grocery,Uni Marts,4.0,1
1541,15232,Grocery,Pitt's Dogg'n It,3.0,19
1542,15233,American,Peppi's,4.5,110
1543,15233,American,Lola Bistro,4.5,60
1544,15233,American,Allegheny Sandwich Shoppe,4.0,46
1545,15233,American,Bier's Pub,4.0,213
1546,15233,Asian,Nicky's Thai Kitchen,4.0,397
1547,15233,Bar,Riggs Lounge & Restaurant,4.5,7
1548,15233,Bar,Bier's Pub,4.0,213
1549,15233,Bar,The Modern Cafe,4.0,64
1550,15233,Grocery,B L Cream Co,5.0,4
1551,15234,American,The Coal Mine,4.0,4
1552,15234,American,Trolley Barn Eatery,4.0,24
1553,15234,American,Burger King,3.5,3
1554,15234,American,Kimmie's Lounge & Restaurant,2.0,7
1555,15234,American,Someone Else's Bar,4.0,69
1556,15234,American,Calabria's,3.0,42
1557,15234,American,Bob's Diner,3.5,46
1558,15234,American,Royal Place Restaurant,2.0,5
1559,15234,American,Mindful Brewing Company,3.5,202
1560,15234,American,Flag Factory,5.0,1
1561,15234,American,Caliente Pizza & Draft House,2.5,103
1562,15234,Asian,Pho Kim 88,4.0,147
1563,15234,Asian,Oya Sushi & Korean Grill,4.5,73
1564,15234,Asian,Asian Cafe,4.0,27
1565,15234,Asian,Asian Garden,2.5,20
1566,15234,Asian,Castle Place,3.5,11
1567,15234,Latin,Cocina Mendoza,3.5,77
1568,15234,Bar,Someone Else's Bar,4.0,69
1569,15234,Bar,The Coal Mine,4.0,4
1570,15234,Bar,Linden Grove,3.5,11
1571,15234,Bar,Pittsburgh Sports Bar & Grill,3.5,14
1572,15234,Bar,McMinn's Irish Pub,3.5,11
1573,15234,Bar,Kimmie's Lounge & Restaurant,2.0,7
1574,15234,Bar,Fairway Grille,3.0,42
1575,15234,Bar,Castle Tavern,2.5,3
1576,15234,Bar,Caliente Pizza & Draft House,2.5,103
1577,15234,Grocery,SHOP 'n SAVE,3.5,10
1578,15235,American,The Spot Etc,4.0,6
1579,15235,American,Wendy's,2.0,11
1580,15235,American,Carl's Tavern,4.0,41
1581,15235,American,Eat'n Park,3.5,11
1582,15235,American,Green Forest Churrascaria,4.5,156
1583,15235,American,Flowers In the Attic,4.0,31
1584,15235,American,Simmie's Restaurant,4.5,5
1585,15235,American,Monico's Bar & Grill,4.0,5
1586,15235,American,Mohan's Restaurant,4.0,24
1587,15235,Asian,Fun Asian Bistro,4.5,22
1588,15235,Asian,The Green Mango,3.5,148
1589,15235,Asian,Yamato Hibachi & Sushi Bar,3.5,82
1590,15235,Latin,Green Forest Churrascaria,4.5,156
1591,15235,Bar,Champ's Sports Grill & Lounge,5.0,7
1592,15235,Bar,Carl's Tavern,4.0,41
1593,15235,Bar,The Spot Etc,4.0,6
1594,15235,Bar,Penn Hills Bar & Grill,4.0,2
1595,15235,Bar,Green Forest Churrascaria,4.5,156
1596,15235,Bar,White Hawk Cafe,3.0,2
1597,15235,Bar,Inndigo Blue,3.5,3
1598,15235,Bar,Monico's Bar & Grill,4.0,5
1599,15235,Bar,Buffalo Wild Wings,3.0,59
1600,15235,Grocery,SHOP 'n SAVE,4.0,12
1601,15235,Grocery,Giant Eagle,1.5,7
1602,15235,Grocery,ALDI,3.5,7
1603,15235,Grocery,Leonard Labriola's Foods,4.5,6
1604,15235,Grocery,Aldi,4.5,3
1605,15235,Grocery,Pirollo's Delicatessen & Take-Out,5.0,6
1606,15235,Grocery,Giant Eagle,2.0,3
1607,15236,American,Tavern In The Hills,3.5,3
1608,15236,American,Down There Bar & Grill,4.5,3
1609,15236,American,Our Little Secret Cafe & Catering,4.5,61
1610,15236,American,Pleasant Bar,4.0,21
1611,15236,American,Atria's,3.5,94
1612,15236,American,The Monkey Bar,4.0,26
1613,15236,American,Denny's,4.0,17
1614,15236,American,The Baltimore House,2.0,79
1615,15236,American,Tavern 51,4.5,36
1616,15236,American,Dorido's Restaurant,3.5,71
1617,15236,American,Steak ’n Shake,2.0,32
1618,15236,American,Red Lobster,3.5,33
1619,15236,American,Primanti Bros,3.5,74
1620,15236,American,Armstrong's,3.5,116
1621,15236,American,Garden Bar Lounge,4.5,5
1622,15236,American,Eat'n Park Restaurant,3.5,30
1623,15236,American,Thee Olde Place Inn,3.5,23
1624,15236,American,Gianna Via’s Restaurant & Bar,3.0,93
1625,15236,Asian,China Ichiban,3.5,20
1626,15236,Asian,China Cafe,4.0,15
1627,15236,Asian,Silk Road Gourmet Chinese,4.0,112
1628,15236,Asian,The Baltimore House,2.0,79
1629,15236,Bar,Pleasant Bar,4.0,21
1630,15236,Bar,Tavern 51,4.5,36
1631,15236,Bar,The Monkey Bar,4.0,26
1632,15236,Bar,Down There Bar & Grill,4.5,3
1633,15236,Bar,Loose Moose Saloon,3.0,44
1634,15236,Bar,Crafthouse Stage & Grill,3.0,45
1635,15236,Bar,Garden Bar Lounge,4.5,5
1636,15236,Bar,Atria's,3.5,94
1637,15236,Bar,Park Valley Lounge,5.0,1
1638,15236,Bar,"Legacy Lanes, Inc",3.0,13
1639,15236,Bar,Primanti Bros,3.5,74
1640,15236,Bar,Gianna Via’s Restaurant & Bar,3.0,93
1641,15236,Bar,Hogs Bar & Grill,1.0,1
1642,15236,Grocery,Fresh Thyme Farmers Market,4.0,12
1643,15236,Grocery,Aldi,5.0,4
1644,15236,Grocery,Weiss Meats,4.5,12
1645,15236,Grocery,Shop'n Save,2.5,4
1646,15236,Grocery,Aldi,3.0,7
1647,15236,Grocery,Sheetz #376,4.0,8
1648,15237,American,La Felice Pizza and Pasta,3.5,46
1649,15237,American,5 Fools,3.5,3
1650,15237,American,Wheelfish,4.0,98
1651,15237,American,Good L'oven,4.5,18
1652,15237,American,Hal's Bar and Grill,4.0,127
1653,15237,American,Burgatory,4.0,94
1654,15237,American,Stoke's Grill,3.5,113
1655,15237,American,Perrytowne Draft House,2.0,25
1656,15237,American,Texas Roadhouse,3.5,56
1657,15237,American,North Park Lounge,3.5,100
1658,15237,American,Wahlburgers,3.5,213
1659,15237,American,Rochester Inn & Hardwood Grille,3.0,60
1660,15237,American,Denny's,3.0,28
1661,15237,American,Eat'n Park,3.0,26
1662,15237,American,Bob Evans,3.5,19
1663,15237,American,Eat'n Park,2.5,7
1664,15237,American,The Hop House,3.0,44
1665,15237,American,The Cheesecake Factory,3.5,152
1666,15237,American,Bonefish Grill,3.5,94
1667,15237,American,Kelly O's Diner,3.0,77
1668,15237,American,LongHorn Steakhouse,3.5,33
1669,15237,American,Chili's,2.5,49
1670,15237,American,California Pizza Kitchen at Ross Park,3.5,71
1671,15237,American,Bistro 9101,4.0,60
1672,15237,American,First Watch,4.0,112
1673,15237,American,Marketplace Cafe,4.0,25
1674,15237,American,Dolce Mia,1.0,1
1675,15237,American,Willow Restaurant,3.5,160
1676,15237,Asian,Red Orchid,4.0,137
1677,15237,Asian,Ting's Kitchen,4.5,85
1678,15237,Asian,Sesame Inn,3.5,112
1679,15237,Asian,McKnight Kitchen,4.0,94
1680,15237,Asian,Khoo's Garden,3.5,28
1681,15237,Asian,Sushi Tomo,4.0,119
1682,15237,Asian,Empire Palace Asian Restaurant and Bar,3.5,51
1683,15237,Asian,China Max,2.5,9
1684,15237,Asian,Nicky's Thai Kitchen,3.5,70
1685,15237,Indian,Taj Mahal,4.0,306
1686,15237,Bar,Knuckleheads Bar,4.5,9
1687,15237,Bar,Giovanni's Bar and Restaurant,3.0,2
1688,15237,Bar,Wheelfish,4.0,98
1689,15237,Bar,The Hop House,3.0,44
1690,15237,Bar,Perrytowne Draft House,2.0,25
1691,15237,Bar,Hal's Bar and Grill,4.0,127
1692,15237,Bar,5 Fools,3.5,3
1693,15237,Bar,Sieb's Pub,4.0,42
1694,15237,Bar,Shenanigans Bar & Grille,3.5,23
1695,15237,Bar,North Park Lounge,3.5,100
1696,15237,Bar,Burgatory,4.0,94
1697,15237,Bar,Stoke's Grill,3.5,113
1698,15237,Bar,Roma Italian Restaurant and Pizzeria,3.5,30
1699,15237,Bar,Kretzler's Tavern,3.0,59
1700,15237,Grocery,Trader Joe's,4.5,48
1701,15237,Grocery,ALDI,3.5,12
1702,15237,Grocery,Giant Eagle,3.0,6
1703,15237,Grocery,Giant Eagle,3.0,18
1704,15237,Grocery,Sam's Club,3.0,14
1705,15237,Grocery,Giant Eagle,2.5,8
1706,15237,Grocery,Oriental Market,4.0,24
1707,15237,Grocery,Giant Eagle,3.5,5
1708,15237,Grocery,Kuhn's Market,4.0,5
1709,15237,Grocery,ALDI,3.5,3
1710,15237,Grocery,Kuhn's Market,3.0,13
1711,15237,Grocery,GetGo,3.5,15
1712,15237,Grocery,Fine Wine & Good Spirits,4.0,1
1713,15237,Grocery,Shop n Save,2.5,3
1714,15237,Grocery,Citizens Bank,1.0,1
1715,15238,American,New York Super Subs - Pittsburgh,5.0,2
1716,15238,American,Nox's Tavern and Grille,4.5,43
1717,15238,American,Route 28 Bar & Grille,2.5,7
1718,15238,American,Starlite Lounge,3.5,31
1719,15238,American,Atria's,3.5,42
1720,15238,American,Bob's Garage,3.5,36
1721,15238,American,Atria's,3.0,3
1722,15238,American,Burger King,3.5,6
1723,15238,American,Bob Evans,2.5,12
1724,15238,American,Jack's Pizza & Hoagies,3.5,3
1725,15238,American,Baja Bar & Grill,2.5,11
1726,15238,American,Primanti Bros,3.0,86
1727,15238,American,Andora,3.5,50
1728,15238,American,Denny's,2.5,26
1729,15238,American,Wendy's,1.5,4
1730,15238,Asian,Maenam Thai Restaurant,5.0,13
1731,15238,Asian,Tai Pei,3.5,79
1732,15238,Asian,Jimmy Wans,3.5,95
1733,15238,Asian,Thai Place Restaurant,3.5,38
1734,15238,Asian,Ichiban Hibachi Steakhouse,3.5,77
1735,15238,Latin,Patron Mexican Grill,3.0,47
1736,15238,Bar,Nox's Tavern and Grille,4.5,43
1737,15238,Bar,Route 28 Bar & Grille,2.5,7
1738,15238,Bar,Bob's Garage,3.5,36
1739,15238,Bar,Starlite Lounge,3.5,31
1740,15238,Bar,Baja Bar & Grill,2.5,11
1741,15238,Bar,Moondogs Pub,3.5,9
1742,15238,Bar,Walnut Grill,3.0,93
1743,15238,Bar,Burgatory,4.0,460
1744,15238,Grocery,Giant Eagle Market District,3.5,35
1745,15238,Grocery,Community Supermarket,3.0,1
1746,15238,Grocery,Giant Eagle Express,4.5,10
1747,15238,Grocery,Walmart,2.0,22
1748,15238,Grocery,Getgo From Giant Eagle,3.0,19
1749,15239,American,Eighty Acres Kitchen & Bar,4.0,96
1750,15239,American,Shooti's Bar & Grille,3.5,11
1751,15239,American,Wendy's,5.0,1
1752,15239,American,Kings,2.0,8
1753,15239,American,Burger King,1.5,2
1754,15239,American,Down the Road Lounge,2.5,3
1755,15239,Asian,Azan Wok,4.0,36
1756,15239,Asian,Wok In Heaven,3.5,11
1757,15239,Bar,Shooti's Bar & Grille,3.5,11
1758,15239,Bar,Palmieri's Restaurants,4.0,16
1759,15239,Bar,John Anthony's Restaurant Lounge & Banquets,3.5,12
1760,15239,Bar,Stewart's Too,4.0,5
1761,15239,Bar,Down the Road Lounge,2.5,3
1762,15239,Grocery,Shop'nSave,4.0,1
1763,15241,American,The Porch at Siena,3.5,77
1764,15241,American,Bonefish Grill,3.5,119
1765,15241,American,BJ's Restaurant & Brewhouse,3.0,161
1766,15241,American,Gather Restaurant & Bar,2.0,8
1767,15241,American,South Philly Steak & Fries,2.5,9
1768,15241,American,Slate Bistro,3.5,37
1769,15241,American,Wild Rosemary,4.0,63
1770,15241,American,Saga Hibachi Steakhouse & Sushi Bar,3.0,68
1771,15241,American,Houlihan's,3.0,6
1772,15241,American,Eat N Park,3.0,7
1773,15241,American,Red Robin Gourmet Burgers,2.5,64
1774,15241,American,Eat'n Park,2.5,30
1775,15241,Asian,Saga Hibachi Steakhouse & Sushi Bar,3.0,68
1776,15241,Asian,Noodles & Company,3.5,20
1777,15241,Bar,BJ's Restaurant & Brewhouse,3.0,161
1778,15241,Bar,Gather Restaurant & Bar,2.0,8
1779,15241,Bar,Bonefish Grill,3.5,119
1780,15241,Bar,Houlihan's,3.0,6
1781,15241,Grocery,Trader Joe's,4.0,48
1782,15241,Grocery,Whole Foods Market,3.5,35
1783,15241,Grocery,CVS Pharmacy,5.0,1
1784,15241,Grocery,Getgo From Giant Eagle,3.0,1
1785,15241,Grocery,Honey Baked Ham Company,4.5,2
1786,15142,Bar,Presto Hotel,5.0,2
1787,15075,American,Elwood's Pub,5.0,16
1788,15075,Bar,Elwood's Pub,5.0,16
1789,15076,American,Matt's Sub Shack and Pizza,5.0,7
1790,15076,American,Deer Creek Diner,4.5,36
1791,15076,Grocery,Siciliano's Pizzeria & Groceria,4.0,2
1792,15076,Grocery,Shop 'n Save,1.0,2
1793,15076,Grocery,Brewski's Distributor,5.0,1
1794,16055,American,Peter B's Bar & Grill,3.5,3
1795,16055,American,Runts Roadhouse,4.0,3
1796,16055,American,J-Barn Country Inn,3.0,30
1797,16055,American,Cellar Works Brewing,4.0,11
1798,16055,American,Kings,2.0,9
1799,16055,American,Rock-A-Fellas Sports Grille,3.5,23
1800,16055,American,Kings,1.0,1
1801,16055,Asian,Shanghai Tokyo Restaurant & Sushi Bar,4.0,28
1802,16055,Bar,Peter B's Bar & Grill,3.5,3
1803,16055,Bar,Rock-A-Fellas Sports Grille,3.5,23
1804,16055,Bar,Runts Roadhouse,4.0,3
1805,16055,Grocery,Giant Eagle,4.5,3
1806,16055,Grocery,Giant Eagle,1.0,3
1807,15143,American,424 Walnut,4.0,65
1808,15143,American,The Eatery,4.0,1
1809,15143,American,Cocothe,4.5,37
1810,15143,American,B Gourmet,4.0,30
1811,15143,American,Bruneaux,3.5,43
1812,15143,American,Sidelines Beer House,3.0,54
1813,15143,American,Cafe des Amis,4.0,63
1814,15143,American,Lula,4.0,45
1815,15143,American,Bistro Sewickley,3.0,45
1816,15143,American,Sewickley Speakeasy,3.5,23
1817,15143,Asian,The Slippery Mermaid,3.5,139
1818,15143,Asian,China Palace,3.0,45
1819,15143,Bar,Sidelines Beer House,3.0,54
1820,15143,Bar,Dave's Tavern,3.0,2
1821,15143,Bar,Lula,4.0,45
1822,15143,Bar,Sewickley Speakeasy,3.5,23
1823,15143,Bar,Bistro Sewickley,3.0,45
1824,15143,Grocery,Safran's Supermarket,4.5,8
1825,15143,Grocery,The Bridgeside Market,5.0,12
1826,15143,Grocery,Fine Wine & Good Spirits - Premium Collection,3.0,3
1827,15129,American,BnD'z Burgerz & Dogz,4.0,76
1828,15129,American,Castle Tavern South,3.5,22
1829,15129,American,The South Park Clubhouse,2.5,36
1830,15129,American,Hot Shots South Park Saloon,3.5,10
1831,15129,Bar,Fundaze Back Bar,4.5,3
1832,15129,Bar,The South Park Clubhouse,2.5,36
1833,15129,Bar,Hot Shots South Park Saloon,3.5,10
1834,15144,American,The Leaning Cask Brewing Company,4.0,9
1835,15144,American,Ladles of Springdale,4.0,54
1836,15144,American,David's Diner,4.5,110
1837,15144,Asian,Hing Wong Chinese Restaurant,4.5,8
1838,15082,American,Hunner's Restaurant & Catering,4.5,7
1839,15082,Bar,Lemontree Lounge,4.0,1
1840,15084,American,Zottola's Pub & Eatery,4.5,20
1841,15084,American,Steak ’n Shake,3.0,9
1842,15084,American,Cycle Diner,4.0,21
1843,15084,American,Smokey Bones Bar & Fire Grill,2.5,39
1844,15084,American,JG's Tarentum Station Grille,4.0,21
1845,15084,American,Barley,4.0,2
1846,15084,American,LongHorn Steakhouse,3.5,31
1847,15084,American,Chili's,3.0,20
1848,15084,American,Xtra Innings Sports Bar and Grille,3.0,5
1849,15084,American,Five Guys,4.0,17
1850,15084,American,Wendy's,3.0,1
1851,15084,American,Applebee's Grill + Bar,2.5,12
1852,15084,American,Eat'n Park,2.5,17
1853,15084,Asian,TJ Buffet Sushi And Grill,3.0,46
1854,15084,Bar,Zottola's Pub & Eatery,4.5,20
1855,15084,Bar,Ziggys Lounge,4.0,9
1856,15084,Bar,Barley,4.0,2
1857,15084,Bar,Xtra Innings Sports Bar and Grille,3.0,5
1858,15084,Bar,218 Bar,4.0,1
1859,15084,Bar,Bangors Bar,1.0,1
1860,15084,Bar,JG's Tarentum Station Grille,4.0,21
1861,15084,Bar,Applebee's Grill + Bar,2.5,12
1862,15084,Grocery,Norman's Orchard,5.0,1
1863,15084,Grocery,Sam's Club,3.5,5
1864,15084,Grocery,Walmart Supercenter,2.5,10
1865,15085,American,Bic's Pub and Grill,4.5,7
1866,15085,Bar,Bic's Pub and Grill,4.5,7
1867,15085,Bar,Dom's Pizzeria,4.0,25
1868,15145,American,Shelly Pie,4.5,104
1869,15145,American,Italian American Citizens Club,5.0,2
1870,15145,American,Churchill Haus,3.0,5
1871,15145,American,Casey's Pizza,3.0,16
1872,15145,Bar,Bar on Brown,3.5,8
1873,15145,Bar,Sub-Alpina Beneficial Society,5.0,1
1874,15145,Bar,Churchill Haus,3.0,5
1875,15145,Grocery,Kuhn's Market,3.0,4
1876,16059,American,Scoreboard Restaurant & Lounge,2.5,22
1877,16059,Bar,Scoreboard Restaurant & Lounge,2.5,22
1878,15147,American,Freedom Square Diner,4.0,41
1879,15147,American,Bites Restaurant,4.0,11
1880,15147,Asian,Zen Restaurant,4.0,26
1881,15147,Bar,Rivertowne,4.0,25
1882,15147,Bar,The Hula Bar,3.0,8
1883,15147,Bar,The Genuine Pub,3.0,2
1884,15147,Bar,Somma Pizza Restaurant & Sports Bar,3.5,28
1885,15147,Grocery,Giant Eagle,4.0,5
1886,15147,Grocery,Patsy's Market,4.5,7
1887,15147,Grocery,Listorti Market,5.0,1
1888,15147,Grocery,Community Supermarket,3.5,3
1889,15147,Grocery,Lamagna Cheese,1.0,1
1890,15086,American,Bakn,3.5,39
1891,15086,American,House Of 1000 Beers,4.0,19
1892,15086,American,Off The Hook,4.5,211
1893,15086,American,Jergel's Rhythm Grille,3.5,80
1894,15086,Bar,House Of 1000 Beers,4.0,19
1895,15086,Bar,Jergel's Rhythm Grille,3.5,80
1896,15086,Bar,Off The Hook,4.5,211
1897,15086,Bar,Brush Creek Inn,2.5,13
1898,15086,Grocery,Labriola's Italian Market,4.5,17
1899,15088,American,Tim's Corner Bar,4.5,3
1900,15088,American,Johnny's Drive In,4.5,3
1901,15088,Bar,Tim's Corner Bar,4.5,3
1902,15088,Bar,Scotty's Bar & Lounge,4.0,1
1903,15122,American,Secrets Bar & Grill,4.5,9
1904,15122,American,Skyvue Restaurant,3.5,38
1905,15122,American,Mulligan's Sports Bar and Grill,3.0,19
1906,15122,American,Ham N Eggers Diner,3.5,21
1907,15122,American,Spencer's Down Under,3.0,1
1908,15122,American,Westwood Bar & Grill,3.5,6
1909,15122,American,Buffalo Wild Wings,3.5,39
1910,15122,American,Applebee's Grill + Bar,3.0,43
1911,15122,American,Denny's,2.5,23
1912,15122,American,CarSalas,3.5,3
1913,15122,Asian,Asian House,4.0,8
1914,15122,Asian,Panda Express,3.0,60
1915,15122,Bar,Secrets Bar & Grill,4.5,9
1916,15122,Bar,Joe's Bar,3.5,3
1917,15122,Bar,Mulligan's Sports Bar and Grill,3.0,19
1918,15122,Bar,CarSalas,3.5,3
1919,15122,Bar,Buffalo Wild Wings,3.5,39
1920,15122,Bar,Applebee's Grill + Bar,3.0,43
1921,15122,Grocery,Giant Eagle Supermarket,1.0,8
1922,15122,Grocery,Shop N'save,5.0,1
1923,15122,Grocery,Shop'n Save,2.5,5
1924,15122,Grocery,Shop 'n Save,2.5,4
1925,15122,Grocery,Sam's Club,3.0,9
1926,15122,Grocery,Giant Eagle,2.5,4
1927,15089,American,The Trailside,3.5,73
1928,15089,American,Gary's Chuck Wagon,4.5,11
1929,15089,Bar,The Trailside,3.5,73
1930,15089,Bar,The Hideaway,4.0,1
1931,15089,Grocery,Giant Eagle,3.0,4
1932,15090,American,Emporio: A Meatball Joint,4.0,136
1933,15090,American,Frescos,3.0,23
1934,15090,American,Dive Bar & Grille,3.5,119
1935,15090,American,Wexford Ale House,3.5,65
1936,15090,American,Walnut Grill-Wexford,3.5,110
1937,15090,American,Cenci's Pizzeria & Bar-Wexford,3.0,61
1938,15090,American,Billy's Roadhouse,3.0,19
1939,15090,American,Waffles INCaffeinated,3.5,99
1940,15090,American,Bella Frutteto,3.5,107
1941,15090,American,Totin's Diner,4.0,127
1942,15090,American,Eat'n Park,3.5,23
1943,15090,American,Sonic Drive-In,2.0,28
1944,15090,Asian,China House Chinese Restaurant,3.5,20
1945,15090,Asian,Thai Place,3.0,66
1946,15090,Asian,Oriental Express,3.5,20
1947,15090,Bar,Cole's Tavern,4.5,6
1948,15090,Bar,The Wexford Pub,3.5,36
1949,15090,Bar,Dive Bar & Grille,3.5,119
1950,15090,Bar,Arsenal Cider House & Wine Cellar,4.5,17
1951,15090,Bar,Wexford Ale House,3.5,65
1952,15090,Bar,Emporio: A Meatball Joint,4.0,136
1953,15090,Bar,Stack'd Burgers,3.5,89
1954,15090,Bar,Cenci's Pizzeria & Bar-Wexford,3.0,61
1955,15090,Bar,Walnut Grill-Wexford,3.5,110
1956,15090,Bar,D'vine Wine Bar and Lounge,2.0,5
1957,15090,Bar,Bella Frutteto,3.5,107
1958,15090,Grocery,Whole Foods Market,4.0,53
1959,15090,Grocery,Giant Eagle,3.5,15
1960,15090,Grocery,T-Bone's Marketplace,3.5,20
1961,15090,Grocery,Los Campos,5.0,2
1962,15090,Grocery,ALDI,3.0,1
1963,15090,Grocery,Shenot Farm Market,4.5,16
1964,15090,Grocery,Manpasand Spice Corner,4.0,5
1965,15090,Grocery,Soergel Orchards & Garden Center,4.5,82
1966,15090,Grocery,Sheetz #277,3.5,7
1967,15090,Grocery,Genji Sushi Bars,4.0,1
1968,15090,Grocery,GetGo From Giant Eagle,3.0,2
1969,15090,Grocery,Eichner’s Farm Market,3.5,11
1970,15148,American,Our Place Homemade,4.5,3
1971,15148,American,Station Brake Cafe,4.0,16
1972,15148,Bar,The Fan Club,2.5,2
